# Last update: 13 jun 2020 23:37;;;;;;
# Data source: https://github.com/seplagses/Covid-RS/;;;;;;
time;regions;cases;deaths;hospitalized;icu;recovered
29/02/2020;RSGOV;2;0;;;
01/03/2020;RSGOV;4;0;;;
02/03/2020;RSGOV;4;0;;;
03/03/2020;RSGOV;5;0;;;
04/03/2020;RSGOV;6;0;;;
05/03/2020;RSGOV;8;0;;;
06/03/2020;RSGOV;9;0;;;
07/03/2020;RSGOV;11;0;;;
08/03/2020;RSGOV;15;0;;;
09/03/2020;RSGOV;18;0;;;
10/03/2020;RSGOV;26;0;;;
11/03/2020;RSGOV;35;0;;;
12/03/2020;RSGOV;45;0;;;
13/03/2020;RSGOV;59;0;;;
14/03/2020;RSGOV;77;0;;;
15/03/2020;RSGOV;119;0;;;
16/03/2020;RSGOV;169;0;;;
17/03/2020;RSGOV;196;0;;;
18/03/2020;RSGOV;226;0;;;
19/03/2020;RSGOV;263;0;;;
20/03/2020;RSGOV;300;0;;;
21/03/2020;RSGOV;326;0;;;
22/03/2020;RSGOV;345;0;;;
23/03/2020;RSGOV;377;0;;;
24/03/2020;RSGOV;399;1;;;
25/03/2020;RSGOV;434;1;;;
26/03/2020;RSGOV;479;2;;;
27/03/2020;RSGOV;504;2;;;
28/03/2020;RSGOV;528;3;;;
29/03/2020;RSGOV;560;3;;;
30/03/2020;RSGOV;586;4;;;
31/03/2020;RSGOV;612;4;;;
01/04/2020;RSGOV;649;5;;;
02/04/2020;RSGOV;672;6;;;
03/04/2020;RSGOV;710;6;;;
04/04/2020;RSGOV;730;7;;;
05/04/2020;RSGOV;745;7;;;
06/04/2020;RSGOV;775;8;;;
07/04/2020;RSGOV;800;9;1;2;
08/04/2020;RSGOV;825;11;7;5;
09/04/2020;RSGOV;858;14;9;11;
10/04/2020;RSGOV;907;16;1022;12;
11/04/2020;RSGOV;952;17;18;22;
12/04/2020;RSGOV;987;18;20;21;
13/04/2020;RSGOV;1035;20;20;22;
14/04/2020;RSGOV;1082;20;33;58;
15/04/2020;RSGOV;1126;22;41;65;
16/04/2020;RSGOV;1175;24;41;68;
17/04/2020;RSGOV;1236;24;37;69;
18/04/2020;RSGOV;1283;25;29;73;
19/04/2020;RSGOV;1336;27;29;70;
20/04/2020;RSGOV;1451;27;34;56;
21/04/2020;RSGOV;1515;28;63;68;
22/04/2020;RSGOV;1597;31;55;60;
23/04/2020;RSGOV;1673;33;79;70;
24/04/2020;RSGOV;1774;35;68;75;
25/04/2020;RSGOV;1853;37;79;79;
26/04/2020;RSGOV;1930;45;91;79;
27/04/2020;RSGOV;2007;47;101;79;
28/04/2020;RSGOV;2080;51;108;84;
29/04/2020;RSGOV;2167;54;110;89;
30/04/2020;RSGOV;2236;58;130;91;
01/05/2020;RSGOV;2347;60;132;91;
02/05/2020;RSGOV;2417;67;160;98;
03/05/2020;RSGOV;2491;71;125;102;
04/05/2020;RSGOV;2597;76;145;99;
05/05/2020;RSGOV;2679;85;156;93;
06/05/2020;RSGOV;2774;87;165;99;
07/05/2020;RSGOV;2899;88;174;115;
08/05/2020;RSGOV;2977;94;141;126;
09/05/2020;RSGOV;3064;98;170;118;
10/05/2020;RSGOV;3161;99;169;132;
11/05/2020;RSGOV;3274;104;152;126;
12/05/2020;RSGOV;3373;108;149;127;
13/05/2020;RSGOV;3481;115;145;128;
14/05/2020;RSGOV;3614;121;166;117;
15/05/2020;RSGOV;3772;127;172;129;
16/05/2020;RSGOV;3874;132;161;128;
17/05/2020;RSGOV;3984;139;196;127;
18/05/2020;RSGOV;4140;145;158;132;
19/05/2020;RSGOV;4255;152;168;123;
20/05/2020;RSGOV;4408;158;177;118;
21/05/2020;RSGOV;4515;164;211;117;
22/05/2020;RSGOV;4643;167;205;125;
23/05/2020;RSGOV;4738;172;202;125;
24/05/2020;RSGOV;4847;182;196;131;
25/05/2020;RSGOV;5005;190;188;125;
26/05/2020;RSGOV;5105;194;203;127;
27/05/2020;RSGOV;5191;197;209;137;
28/05/2020;RSGOV;5315;201;204;143;
29/05/2020;RSGOV;5412;205;207;153;
30/05/2020;RSGOV;5511;211;204;165;
31/05/2020;RSGOV;5624;220;208;170;
01/06/2020;RSGOV;5762;228;210;159;
02/06/2020;RSGOV;5845;237;229;165;
03/06/2020;RSGOV;5950;245;214;162;
04/06/2020;RSGOV;6061;252;224;161;
05/06/2020;RSGOV;6146;261;224;171;
06/06/2020;RSGOV;6189;268;210;174;
07/06/2020;RSGOV;6217;272;222;181;
08/06/2020;RSGOV;6235;282;210;193;
09/06/2020;RSGOV;6242;290;229;204;
10/06/2020;RSGOV;6248;301;259;218;
11/06/2020;RSGOV;6248;307;249;230;
12/06/2020;RSGOV;6248;313;255;232;
29/02/2020;POAGOV;1;0;;;
01/03/2020;POAGOV;1;0;;;
02/03/2020;POAGOV;1;0;;;
03/03/2020;POAGOV;1;0;;;
04/03/2020;POAGOV;1;0;;;
05/03/2020;POAGOV;2;0;;;
06/03/2020;POAGOV;3;0;;;
07/03/2020;POAGOV;4;0;;;
08/03/2020;POAGOV;6;0;;;
09/03/2020;POAGOV;8;0;;;
10/03/2020;POAGOV;11;0;;;
11/03/2020;POAGOV;16;0;;;
12/03/2020;POAGOV;22;0;;;
13/03/2020;POAGOV;29;0;;;
14/03/2020;POAGOV;35;0;;;
15/03/2020;POAGOV;63;0;;;
16/03/2020;POAGOV;87;0;;;
17/03/2020;POAGOV;99;0;;;
18/03/2020;POAGOV;111;0;;;
19/03/2020;POAGOV;126;0;;;
20/03/2020;POAGOV;142;0;;;
21/03/2020;POAGOV;153;0;;;
22/03/2020;POAGOV;157;0;;;
23/03/2020;POAGOV;167;0;;;
24/03/2020;POAGOV;178;1;;;
25/03/2020;POAGOV;193;1;;;
26/03/2020;POAGOV;208;2;;;
27/03/2020;POAGOV;219;2;;;
28/03/2020;POAGOV;228;2;;;
29/03/2020;POAGOV;242;2;;;
30/03/2020;POAGOV;253;2;;;
31/03/2020;POAGOV;265;2;;;
01/04/2020;POAGOV;274;3;;;
02/04/2020;POAGOV;284;4;;;
03/04/2020;POAGOV;296;4;;;
04/04/2020;POAGOV;302;4;;;
05/04/2020;POAGOV;306;4;;;
06/04/2020;POAGOV;315;5;;;
07/04/2020;POAGOV;321;5;;;
08/04/2020;POAGOV;331;6;;;
09/04/2020;POAGOV;342;6;;;
10/04/2020;POAGOV;347;6;0;0;
11/04/2020;POAGOV;352;6;0;0;
12/04/2020;POAGOV;356;7;0;0;
13/04/2020;POAGOV;363;8;1;0;
14/04/2020;POAGOV;368;8;19;36;
15/04/2020;POAGOV;374;8;14;41;
16/04/2020;POAGOV;383;9;16;41;
17/04/2020;POAGOV;388;9;15;40;
18/04/2020;POAGOV;393;9;7;41;
19/04/2020;POAGOV;397;10;5;38;
20/04/2020;POAGOV;402;10;10;23;
21/04/2020;POAGOV;406;11;25;34;
22/04/2020;POAGOV;413;11;14;30;
23/04/2020;POAGOV;419;11;16;32;
24/04/2020;POAGOV;423;11;12;34;
25/04/2020;POAGOV;429;12;15;33;
26/04/2020;POAGOV;437;14;12;35;
27/04/2020;POAGOV;440;14;13;32;
28/04/2020;POAGOV;445;14;16;34;
29/04/2020;POAGOV;453;15;17;35;
30/04/2020;POAGOV;460;15;16;30;
01/05/2020;POAGOV;469;15;14;29;
02/05/2020;POAGOV;472;16;13;32;
03/05/2020;POAGOV;478;16;10;34;
04/05/2020;POAGOV;490;16;18;34;
05/05/2020;POAGOV;500;17;36;26;
06/05/2020;POAGOV;513;17;34;29;
07/05/2020;POAGOV;528;17;36;37;
08/05/2020;POAGOV;547;17;28;34;
09/05/2020;POAGOV;557;17;29;34;
10/05/2020;POAGOV;568;17;31;42;
11/05/2020;POAGOV;582;18;25;35;
12/05/2020;POAGOV;595;19;26;35;
13/05/2020;POAGOV;612;21;29;34;
14/05/2020;POAGOV;630;21;38;32;
15/05/2020;POAGOV;653;21;41;42;
16/05/2020;POAGOV;670;21;39;45;
17/05/2020;POAGOV;691;21;61;42;
18/05/2020;POAGOV;718;24;40;46;
19/05/2020;POAGOV;737;26;53;45;
20/05/2020;POAGOV;758;26;44;43;
21/05/2020;POAGOV;769;26;49;45;
22/05/2020;POAGOV;796;27;49;48;
23/05/2020;POAGOV;810;29;50;49;
24/05/2020;POAGOV;825;31;56;47;
25/05/2020;POAGOV;854;32;59;45;
26/05/2020;POAGOV;860;32;63;45;
27/05/2020;POAGOV;865;33;58;48;
28/05/2020;POAGOV;876;34;59;47;
29/05/2020;POAGOV;889;35;61;46;
30/05/2020;POAGOV;893;36;59;51;
31/05/2020;POAGOV;896;37;59;50;
01/06/2020;POAGOV;911;40;64;43;
02/06/2020;POAGOV;924;41;68;45;
03/06/2020;POAGOV;958;41;75;49;
04/06/2020;POAGOV;994;42;85;47;
05/06/2020;POAGOV;1008;42;91;51;
06/06/2020;POAGOV;1014;42;73;49;
07/06/2020;POAGOV;1019;43;81;54;
08/06/2020;POAGOV;1021;44;78;62;
09/06/2020;POAGOV;1021;46;79;63;
10/06/2020;POAGOV;1022;48;98;69;
11/06/2020;POAGOV;1022;48;89;63;
12/06/2020;POAGOV;1022;48;104;69;
29/02/2020;Santa Maria-R01 R02;0;0;;;
01/03/2020;Santa Maria-R01 R02;1;0;;;
02/03/2020;Santa Maria-R01 R02;1;0;;;
03/03/2020;Santa Maria-R01 R02;1;0;;;
04/03/2020;Santa Maria-R01 R02;1;0;;;
05/03/2020;Santa Maria-R01 R02;1;0;;;
06/03/2020;Santa Maria-R01 R02;1;0;;;
07/03/2020;Santa Maria-R01 R02;1;0;;;
08/03/2020;Santa Maria-R01 R02;1;0;;;
09/03/2020;Santa Maria-R01 R02;1;0;;;
10/03/2020;Santa Maria-R01 R02;1;0;;;
11/03/2020;Santa Maria-R01 R02;1;0;;;
12/03/2020;Santa Maria-R01 R02;1;0;;;
13/03/2020;Santa Maria-R01 R02;1;0;;;
14/03/2020;Santa Maria-R01 R02;1;0;;;
15/03/2020;Santa Maria-R01 R02;1;0;;;
16/03/2020;Santa Maria-R01 R02;4;0;;;
17/03/2020;Santa Maria-R01 R02;6;0;;;
18/03/2020;Santa Maria-R01 R02;8;0;;;
19/03/2020;Santa Maria-R01 R02;8;0;;;
20/03/2020;Santa Maria-R01 R02;9;0;;;
21/03/2020;Santa Maria-R01 R02;9;0;;;
22/03/2020;Santa Maria-R01 R02;9;0;;;
23/03/2020;Santa Maria-R01 R02;9;0;;;
24/03/2020;Santa Maria-R01 R02;9;0;;;
25/03/2020;Santa Maria-R01 R02;9;0;;;
26/03/2020;Santa Maria-R01 R02;9;0;;;
27/03/2020;Santa Maria-R01 R02;10;0;;;
28/03/2020;Santa Maria-R01 R02;10;0;;;
29/03/2020;Santa Maria-R01 R02;10;0;;;
30/03/2020;Santa Maria-R01 R02;10;0;;;
31/03/2020;Santa Maria-R01 R02;10;0;;;
01/04/2020;Santa Maria-R01 R02;10;0;;;
02/04/2020;Santa Maria-R01 R02;11;0;;;
03/04/2020;Santa Maria-R01 R02;11;0;;;
04/04/2020;Santa Maria-R01 R02;12;0;;;
05/04/2020;Santa Maria-R01 R02;13;0;;;
06/04/2020;Santa Maria-R01 R02;15;0;;;
07/04/2020;Santa Maria-R01 R02;15;0;0;0;
08/04/2020;Santa Maria-R01 R02;15;0;0;0;
09/04/2020;Santa Maria-R01 R02;17;0;0;1;
10/04/2020;Santa Maria-R01 R02;18;0;0;1;
11/04/2020;Santa Maria-R01 R02;20;0;0;1;
12/04/2020;Santa Maria-R01 R02;22;0;0;1;
13/04/2020;Santa Maria-R01 R02;23;0;0;1;
14/04/2020;Santa Maria-R01 R02;26;0;0;1;
15/04/2020;Santa Maria-R01 R02;27;0;0;1;
16/04/2020;Santa Maria-R01 R02;28;0;1;1;
17/04/2020;Santa Maria-R01 R02;29;0;1;1;
18/04/2020;Santa Maria-R01 R02;30;0;1;1;
19/04/2020;Santa Maria-R01 R02;30;0;3;0;
20/04/2020;Santa Maria-R01 R02;31;0;0;3;
21/04/2020;Santa Maria-R01 R02;33;0;3;0;
22/04/2020;Santa Maria-R01 R02;35;0;3;0;
23/04/2020;Santa Maria-R01 R02;35;0;3;1;
24/04/2020;Santa Maria-R01 R02;35;0;3;0;
25/04/2020;Santa Maria-R01 R02;36;0;3;1;
26/04/2020;Santa Maria-R01 R02;37;0;2;0;
27/04/2020;Santa Maria-R01 R02;37;0;2;0;
28/04/2020;Santa Maria-R01 R02;38;0;4;3;
29/04/2020;Santa Maria-R01 R02;40;0;1;3;
30/04/2020;Santa Maria-R01 R02;41;0;1;3;
01/05/2020;Santa Maria-R01 R02;42;0;0;3;
02/05/2020;Santa Maria-R01 R02;43;0;0;3;
03/05/2020;Santa Maria-R01 R02;43;0;0;3;
04/05/2020;Santa Maria-R01 R02;44;0;0;4;
05/05/2020;Santa Maria-R01 R02;49;0;1;5;
06/05/2020;Santa Maria-R01 R02;50;0;1;6;
07/05/2020;Santa Maria-R01 R02;53;0;3;7;
08/05/2020;Santa Maria-R01 R02;53;0;3;7;
09/05/2020;Santa Maria-R01 R02;55;0;2;9;
10/05/2020;Santa Maria-R01 R02;60;0;2;9;
11/05/2020;Santa Maria-R01 R02;65;0;1;10;
12/05/2020;Santa Maria-R01 R02;73;0;1;10;
13/05/2020;Santa Maria-R01 R02;75;0;3;10;
14/05/2020;Santa Maria-R01 R02;82;0;4;9;
15/05/2020;Santa Maria-R01 R02;89;1;6;8;
16/05/2020;Santa Maria-R01 R02;93;1;7;7;
17/05/2020;Santa Maria-R01 R02;100;1;9;7;
18/05/2020;Santa Maria-R01 R02;106;1;8;7;
19/05/2020;Santa Maria-R01 R02;113;1;10;6;
20/05/2020;Santa Maria-R01 R02;115;1;12;6;
21/05/2020;Santa Maria-R01 R02;119;2;14;4;
22/05/2020;Santa Maria-R01 R02;121;2;17;4;
23/05/2020;Santa Maria-R01 R02;124;2;17;4;
24/05/2020;Santa Maria-R01 R02;128;3;17;4;
25/05/2020;Santa Maria-R01 R02;134;3;16;4;
26/05/2020;Santa Maria-R01 R02;138;3;14;4;
27/05/2020;Santa Maria-R01 R02;141;3;13;5;
28/05/2020;Santa Maria-R01 R02;152;3;8;9;
29/05/2020;Santa Maria-R01 R02;158;3;8;10;
30/05/2020;Santa Maria-R01 R02;165;3;10;8;
31/05/2020;Santa Maria-R01 R02;170;3;13;11;
01/06/2020;Santa Maria-R01 R02;173;3;12;10;
02/06/2020;Santa Maria-R01 R02;176;3;13;10;
03/06/2020;Santa Maria-R01 R02;179;4;11;9;
04/06/2020;Santa Maria-R01 R02;183;5;10;9;
05/06/2020;Santa Maria-R01 R02;190;6;14;9;
06/06/2020;Santa Maria-R01 R02;193;7;15;11;
07/06/2020;Santa Maria-R01 R02;194;7;12;15;
08/06/2020;Santa Maria-R01 R02;194;8;7;15;
09/06/2020;Santa Maria-R01 R02;194;9;10;16;
10/06/2020;Santa Maria-R01 R02;194;10;16;21;
11/06/2020;Santa Maria-R01 R02;194;10;19;23;
12/06/2020;Santa Maria-R01 R02;194;11;22;18;
29/02/2020;Uruguaiana-R03;0;0;;;
01/03/2020;Uruguaiana-R03;0;0;;;
02/03/2020;Uruguaiana-R03;0;0;;;
03/03/2020;Uruguaiana-R03;0;0;;;
04/03/2020;Uruguaiana-R03;0;0;;;
05/03/2020;Uruguaiana-R03;0;0;;;
06/03/2020;Uruguaiana-R03;0;0;;;
07/03/2020;Uruguaiana-R03;0;0;;;
08/03/2020;Uruguaiana-R03;0;0;;;
09/03/2020;Uruguaiana-R03;0;0;;;
10/03/2020;Uruguaiana-R03;0;0;;;
11/03/2020;Uruguaiana-R03;0;0;;;
12/03/2020;Uruguaiana-R03;0;0;;;
13/03/2020;Uruguaiana-R03;0;0;;;
14/03/2020;Uruguaiana-R03;0;0;;;
15/03/2020;Uruguaiana-R03;0;0;;;
16/03/2020;Uruguaiana-R03;2;0;;;
17/03/2020;Uruguaiana-R03;3;0;;;
18/03/2020;Uruguaiana-R03;4;0;;;
19/03/2020;Uruguaiana-R03;4;0;;;
20/03/2020;Uruguaiana-R03;4;0;;;
21/03/2020;Uruguaiana-R03;5;0;;;
22/03/2020;Uruguaiana-R03;5;0;;;
23/03/2020;Uruguaiana-R03;5;0;;;
24/03/2020;Uruguaiana-R03;6;0;;;
25/03/2020;Uruguaiana-R03;7;0;;;
26/03/2020;Uruguaiana-R03;9;0;;;
27/03/2020;Uruguaiana-R03;9;0;;;
28/03/2020;Uruguaiana-R03;9;0;;;
29/03/2020;Uruguaiana-R03;9;0;;;
30/03/2020;Uruguaiana-R03;9;0;;;
31/03/2020;Uruguaiana-R03;10;0;;;
01/04/2020;Uruguaiana-R03;12;0;;;
02/04/2020;Uruguaiana-R03;12;0;;;
03/04/2020;Uruguaiana-R03;12;0;;;
04/04/2020;Uruguaiana-R03;12;0;;;
05/04/2020;Uruguaiana-R03;12;0;;;
06/04/2020;Uruguaiana-R03;13;0;;;
07/04/2020;Uruguaiana-R03;13;0;1;0;
08/04/2020;Uruguaiana-R03;14;0;1;0;
09/04/2020;Uruguaiana-R03;14;0;1;0;
10/04/2020;Uruguaiana-R03;15;0;0;0;
11/04/2020;Uruguaiana-R03;15;0;1;1;
12/04/2020;Uruguaiana-R03;16;0;1;1;
13/04/2020;Uruguaiana-R03;16;0;0;0;
14/04/2020;Uruguaiana-R03;16;0;0;1;
15/04/2020;Uruguaiana-R03;16;0;0;1;
16/04/2020;Uruguaiana-R03;16;0;0;1;
17/04/2020;Uruguaiana-R03;17;0;0;1;
18/04/2020;Uruguaiana-R03;17;0;0;1;
19/04/2020;Uruguaiana-R03;17;0;1;1;
20/04/2020;Uruguaiana-R03;17;0;0;1;
21/04/2020;Uruguaiana-R03;17;0;1;1;
22/04/2020;Uruguaiana-R03;17;0;1;0;
23/04/2020;Uruguaiana-R03;17;0;1;0;
24/04/2020;Uruguaiana-R03;19;0;1;0;
25/04/2020;Uruguaiana-R03;20;0;2;0;
26/04/2020;Uruguaiana-R03;20;0;2;0;
27/04/2020;Uruguaiana-R03;20;0;3;0;
28/04/2020;Uruguaiana-R03;20;0;3;0;
29/04/2020;Uruguaiana-R03;20;0;1;0;
30/04/2020;Uruguaiana-R03;20;0;1;0;
01/05/2020;Uruguaiana-R03;22;0;1;0;
02/05/2020;Uruguaiana-R03;22;0;1;0;
03/05/2020;Uruguaiana-R03;22;0;1;0;
04/05/2020;Uruguaiana-R03;23;0;1;0;
05/05/2020;Uruguaiana-R03;23;0;0;0;
06/05/2020;Uruguaiana-R03;23;0;0;0;
07/05/2020;Uruguaiana-R03;25;0;0;0;
08/05/2020;Uruguaiana-R03;27;0;0;0;
09/05/2020;Uruguaiana-R03;28;0;0;0;
10/05/2020;Uruguaiana-R03;28;0;0;0;
11/05/2020;Uruguaiana-R03;28;0;0;0;
12/05/2020;Uruguaiana-R03;31;0;0;0;
13/05/2020;Uruguaiana-R03;31;1;0;0;
14/05/2020;Uruguaiana-R03;33;1;1;0;
15/05/2020;Uruguaiana-R03;35;1;1;0;
16/05/2020;Uruguaiana-R03;36;1;1;0;
17/05/2020;Uruguaiana-R03;42;1;2;1;
18/05/2020;Uruguaiana-R03;45;1;1;1;
19/05/2020;Uruguaiana-R03;46;1;1;2;
20/05/2020;Uruguaiana-R03;48;2;3;2;
21/05/2020;Uruguaiana-R03;50;2;6;2;
22/05/2020;Uruguaiana-R03;53;2;5;3;
23/05/2020;Uruguaiana-R03;55;2;7;3;
24/05/2020;Uruguaiana-R03;60;2;6;3;
25/05/2020;Uruguaiana-R03;63;2;7;1;
26/05/2020;Uruguaiana-R03;67;2;5;3;
27/05/2020;Uruguaiana-R03;69;2;5;5;
28/05/2020;Uruguaiana-R03;72;2;5;5;
29/05/2020;Uruguaiana-R03;74;2;5;6;
30/05/2020;Uruguaiana-R03;76;2;6;6;
31/05/2020;Uruguaiana-R03;77;2;8;6;
01/06/2020;Uruguaiana-R03;83;3;6;7;
02/06/2020;Uruguaiana-R03;83;3;13;6;
03/06/2020;Uruguaiana-R03;84;3;11;5;
04/06/2020;Uruguaiana-R03;85;4;10;5;
05/06/2020;Uruguaiana-R03;87;4;12;4;
06/06/2020;Uruguaiana-R03;89;4;11;4;
07/06/2020;Uruguaiana-R03;91;5;10;4;
08/06/2020;Uruguaiana-R03;96;6;10;4;
09/06/2020;Uruguaiana-R03;97;7;8;5;
10/06/2020;Uruguaiana-R03;101;8;10;6;
11/06/2020;Uruguaiana-R03;101;8;10;6;
12/06/2020;Uruguaiana-R03;101;8;8;6;
29/02/2020;Capao Da Canoa-R04 R05;0;0;;;
01/03/2020;Capao Da Canoa-R04 R05;0;0;;;
02/03/2020;Capao Da Canoa-R04 R05;0;0;;;
03/03/2020;Capao Da Canoa-R04 R05;0;0;;;
04/03/2020;Capao Da Canoa-R04 R05;1;0;;;
05/03/2020;Capao Da Canoa-R04 R05;1;0;;;
06/03/2020;Capao Da Canoa-R04 R05;1;0;;;
07/03/2020;Capao Da Canoa-R04 R05;1;0;;;
08/03/2020;Capao Da Canoa-R04 R05;1;0;;;
09/03/2020;Capao Da Canoa-R04 R05;1;0;;;
10/03/2020;Capao Da Canoa-R04 R05;1;0;;;
11/03/2020;Capao Da Canoa-R04 R05;1;0;;;
12/03/2020;Capao Da Canoa-R04 R05;1;0;;;
13/03/2020;Capao Da Canoa-R04 R05;2;0;;;
14/03/2020;Capao Da Canoa-R04 R05;2;0;;;
15/03/2020;Capao Da Canoa-R04 R05;2;0;;;
16/03/2020;Capao Da Canoa-R04 R05;2;0;;;
17/03/2020;Capao Da Canoa-R04 R05;3;0;;;
18/03/2020;Capao Da Canoa-R04 R05;5;0;;;
19/03/2020;Capao Da Canoa-R04 R05;11;0;;;
20/03/2020;Capao Da Canoa-R04 R05;13;0;;;
21/03/2020;Capao Da Canoa-R04 R05;14;0;;;
22/03/2020;Capao Da Canoa-R04 R05;14;0;;;
23/03/2020;Capao Da Canoa-R04 R05;16;0;;;
24/03/2020;Capao Da Canoa-R04 R05;17;0;;;
25/03/2020;Capao Da Canoa-R04 R05;18;0;;;
26/03/2020;Capao Da Canoa-R04 R05;18;0;;;
27/03/2020;Capao Da Canoa-R04 R05;18;0;;;
28/03/2020;Capao Da Canoa-R04 R05;19;0;;;
29/03/2020;Capao Da Canoa-R04 R05;19;0;;;
30/03/2020;Capao Da Canoa-R04 R05;19;0;;;
31/03/2020;Capao Da Canoa-R04 R05;19;0;;;
01/04/2020;Capao Da Canoa-R04 R05;20;0;;;
02/04/2020;Capao Da Canoa-R04 R05;22;0;;;
03/04/2020;Capao Da Canoa-R04 R05;22;0;;;
04/04/2020;Capao Da Canoa-R04 R05;22;0;;;
05/04/2020;Capao Da Canoa-R04 R05;23;0;;;
06/04/2020;Capao Da Canoa-R04 R05;27;0;;;
07/04/2020;Capao Da Canoa-R04 R05;27;0;0;1;
08/04/2020;Capao Da Canoa-R04 R05;27;0;0;1;
09/04/2020;Capao Da Canoa-R04 R05;28;0;0;1;
10/04/2020;Capao Da Canoa-R04 R05;28;0;0;1;
11/04/2020;Capao Da Canoa-R04 R05;29;0;0;1;
12/04/2020;Capao Da Canoa-R04 R05;30;0;1;1;
13/04/2020;Capao Da Canoa-R04 R05;30;0;1;0;
14/04/2020;Capao Da Canoa-R04 R05;30;0;1;0;
15/04/2020;Capao Da Canoa-R04 R05;30;1;0;0;
16/04/2020;Capao Da Canoa-R04 R05;32;2;0;0;
17/04/2020;Capao Da Canoa-R04 R05;32;2;0;0;
18/04/2020;Capao Da Canoa-R04 R05;32;2;0;0;
19/04/2020;Capao Da Canoa-R04 R05;33;2;0;0;
20/04/2020;Capao Da Canoa-R04 R05;34;2;0;0;
21/04/2020;Capao Da Canoa-R04 R05;37;2;0;0;
22/04/2020;Capao Da Canoa-R04 R05;39;2;0;0;
23/04/2020;Capao Da Canoa-R04 R05;41;2;0;0;
24/04/2020;Capao Da Canoa-R04 R05;41;2;0;0;
25/04/2020;Capao Da Canoa-R04 R05;41;2;0;1;
26/04/2020;Capao Da Canoa-R04 R05;41;2;0;0;
27/04/2020;Capao Da Canoa-R04 R05;41;2;0;0;
28/04/2020;Capao Da Canoa-R04 R05;41;3;0;0;
29/04/2020;Capao Da Canoa-R04 R05;42;3;0;0;
30/04/2020;Capao Da Canoa-R04 R05;43;3;0;0;
01/05/2020;Capao Da Canoa-R04 R05;44;3;0;0;
02/05/2020;Capao Da Canoa-R04 R05;45;4;0;1;
03/05/2020;Capao Da Canoa-R04 R05;47;4;0;2;
04/05/2020;Capao Da Canoa-R04 R05;51;4;0;2;
05/05/2020;Capao Da Canoa-R04 R05;52;4;0;2;
06/05/2020;Capao Da Canoa-R04 R05;53;4;0;2;
07/05/2020;Capao Da Canoa-R04 R05;54;4;0;2;
08/05/2020;Capao Da Canoa-R04 R05;55;4;0;2;
09/05/2020;Capao Da Canoa-R04 R05;56;4;0;2;
10/05/2020;Capao Da Canoa-R04 R05;60;4;1;3;
11/05/2020;Capao Da Canoa-R04 R05;63;4;2;2;
12/05/2020;Capao Da Canoa-R04 R05;64;4;2;1;
13/05/2020;Capao Da Canoa-R04 R05;65;4;4;1;
14/05/2020;Capao Da Canoa-R04 R05;68;4;2;1;
15/05/2020;Capao Da Canoa-R04 R05;73;4;1;1;
16/05/2020;Capao Da Canoa-R04 R05;74;4;0;1;
17/05/2020;Capao Da Canoa-R04 R05;78;4;0;2;
18/05/2020;Capao Da Canoa-R04 R05;80;4;0;2;
19/05/2020;Capao Da Canoa-R04 R05;82;4;0;2;
20/05/2020;Capao Da Canoa-R04 R05;87;5;0;2;
21/05/2020;Capao Da Canoa-R04 R05;91;5;0;0;
22/05/2020;Capao Da Canoa-R04 R05;94;5;0;0;
23/05/2020;Capao Da Canoa-R04 R05;95;5;1;0;
24/05/2020;Capao Da Canoa-R04 R05;96;5;1;0;
25/05/2020;Capao Da Canoa-R04 R05;99;5;1;0;
26/05/2020;Capao Da Canoa-R04 R05;100;5;1;1;
27/05/2020;Capao Da Canoa-R04 R05;106;5;1;2;
28/05/2020;Capao Da Canoa-R04 R05;106;6;1;3;
29/05/2020;Capao Da Canoa-R04 R05;107;6;0;4;
30/05/2020;Capao Da Canoa-R04 R05;109;6;0;4;
31/05/2020;Capao Da Canoa-R04 R05;110;6;0;4;
01/06/2020;Capao Da Canoa-R04 R05;117;6;0;4;
02/06/2020;Capao Da Canoa-R04 R05;120;7;1;5;
03/06/2020;Capao Da Canoa-R04 R05;123;7;2;6;
04/06/2020;Capao Da Canoa-R04 R05;127;7;2;4;
05/06/2020;Capao Da Canoa-R04 R05;129;7;2;4;
06/06/2020;Capao Da Canoa-R04 R05;129;7;1;4;
07/06/2020;Capao Da Canoa-R04 R05;131;7;1;4;
08/06/2020;Capao Da Canoa-R04 R05;133;7;1;4;
09/06/2020;Capao Da Canoa-R04 R05;133;7;2;6;
10/06/2020;Capao Da Canoa-R04 R05;133;7;3;6;
11/06/2020;Capao Da Canoa-R04 R05;133;8;4;6;
12/06/2020;Capao Da Canoa-R04 R05;133;8;2;8;
29/02/2020;Taquara-R06;0;0;;;
01/03/2020;Taquara-R06;0;0;;;
02/03/2020;Taquara-R06;0;0;;;
03/03/2020;Taquara-R06;0;0;;;
04/03/2020;Taquara-R06;0;0;;;
05/03/2020;Taquara-R06;0;0;;;
06/03/2020;Taquara-R06;0;0;;;
07/03/2020;Taquara-R06;0;0;;;
08/03/2020;Taquara-R06;0;0;;;
09/03/2020;Taquara-R06;0;0;;;
10/03/2020;Taquara-R06;0;0;;;
11/03/2020;Taquara-R06;0;0;;;
12/03/2020;Taquara-R06;0;0;;;
13/03/2020;Taquara-R06;0;0;;;
14/03/2020;Taquara-R06;0;0;;;
15/03/2020;Taquara-R06;1;0;;;
16/03/2020;Taquara-R06;1;0;;;
17/03/2020;Taquara-R06;1;0;;;
18/03/2020;Taquara-R06;1;0;;;
19/03/2020;Taquara-R06;2;0;;;
20/03/2020;Taquara-R06;2;0;;;
21/03/2020;Taquara-R06;2;0;;;
22/03/2020;Taquara-R06;2;0;;;
23/03/2020;Taquara-R06;2;0;;;
24/03/2020;Taquara-R06;2;0;;;
25/03/2020;Taquara-R06;2;0;;;
26/03/2020;Taquara-R06;2;0;;;
27/03/2020;Taquara-R06;2;0;;;
28/03/2020;Taquara-R06;2;0;;;
29/03/2020;Taquara-R06;2;0;;;
30/03/2020;Taquara-R06;2;0;;;
31/03/2020;Taquara-R06;2;0;;;
01/04/2020;Taquara-R06;2;0;;;
02/04/2020;Taquara-R06;2;0;;;
03/04/2020;Taquara-R06;2;0;;;
04/04/2020;Taquara-R06;2;0;;;
05/04/2020;Taquara-R06;2;0;;;
06/04/2020;Taquara-R06;2;0;;;
07/04/2020;Taquara-R06;2;0;;;
08/04/2020;Taquara-R06;2;0;;;
09/04/2020;Taquara-R06;2;0;;;
10/04/2020;Taquara-R06;2;0;;;
11/04/2020;Taquara-R06;2;0;0;0;
12/04/2020;Taquara-R06;2;0;0;0;
13/04/2020;Taquara-R06;2;0;0;0;
14/04/2020;Taquara-R06;2;0;0;0;
15/04/2020;Taquara-R06;2;0;0;0;
16/04/2020;Taquara-R06;2;0;0;0;
17/04/2020;Taquara-R06;2;0;0;0;
18/04/2020;Taquara-R06;2;0;0;0;
19/04/2020;Taquara-R06;2;0;0;0;
20/04/2020;Taquara-R06;2;0;0;0;
21/04/2020;Taquara-R06;2;0;0;0;
22/04/2020;Taquara-R06;2;0;0;0;
23/04/2020;Taquara-R06;2;0;0;0;
24/04/2020;Taquara-R06;2;0;0;0;
25/04/2020;Taquara-R06;2;0;0;0;
26/04/2020;Taquara-R06;2;0;0;0;
27/04/2020;Taquara-R06;2;0;0;0;
28/04/2020;Taquara-R06;2;0;0;0;
29/04/2020;Taquara-R06;2;0;0;0;
30/04/2020;Taquara-R06;2;0;0;0;
01/05/2020;Taquara-R06;3;0;0;0;
02/05/2020;Taquara-R06;3;0;0;0;
03/05/2020;Taquara-R06;4;0;0;0;
04/05/2020;Taquara-R06;4;0;0;0;
05/05/2020;Taquara-R06;6;0;0;0;
06/05/2020;Taquara-R06;6;0;0;0;
07/05/2020;Taquara-R06;6;0;0;0;
08/05/2020;Taquara-R06;6;0;0;0;
09/05/2020;Taquara-R06;6;0;0;0;
10/05/2020;Taquara-R06;6;0;0;0;
11/05/2020;Taquara-R06;6;0;0;0;
12/05/2020;Taquara-R06;7;0;0;0;
13/05/2020;Taquara-R06;7;0;0;0;
14/05/2020;Taquara-R06;7;0;0;0;
15/05/2020;Taquara-R06;7;0;0;0;
16/05/2020;Taquara-R06;7;0;0;0;
17/05/2020;Taquara-R06;7;0;0;0;
18/05/2020;Taquara-R06;10;0;0;0;
19/05/2020;Taquara-R06;12;0;0;0;
20/05/2020;Taquara-R06;12;0;0;0;
21/05/2020;Taquara-R06;13;0;0;0;
22/05/2020;Taquara-R06;16;0;1;0;
23/05/2020;Taquara-R06;18;0;1;0;
24/05/2020;Taquara-R06;18;0;0;0;
25/05/2020;Taquara-R06;19;0;0;0;
26/05/2020;Taquara-R06;19;0;0;0;
27/05/2020;Taquara-R06;21;0;0;0;
28/05/2020;Taquara-R06;21;0;0;0;
29/05/2020;Taquara-R06;21;0;0;0;
30/05/2020;Taquara-R06;22;0;0;0;
31/05/2020;Taquara-R06;23;0;0;0;
01/06/2020;Taquara-R06;25;0;0;0;
02/06/2020;Taquara-R06;25;0;0;0;
03/06/2020;Taquara-R06;26;0;0;0;
04/06/2020;Taquara-R06;26;0;0;0;
05/06/2020;Taquara-R06;26;0;0;0;
06/06/2020;Taquara-R06;27;0;0;0;
07/06/2020;Taquara-R06;27;0;0;0;
08/06/2020;Taquara-R06;28;0;0;0;
09/06/2020;Taquara-R06;28;0;0;0;
10/06/2020;Taquara-R06;28;0;0;0;
11/06/2020;Taquara-R06;28;0;0;0;
12/06/2020;Taquara-R06;28;0;0;0;
29/02/2020;Novo Hamburgo-R07;0;0;;;
01/03/2020;Novo Hamburgo-R07;1;0;;;
02/03/2020;Novo Hamburgo-R07;1;0;;;
03/03/2020;Novo Hamburgo-R07;1;0;;;
04/03/2020;Novo Hamburgo-R07;1;0;;;
05/03/2020;Novo Hamburgo-R07;1;0;;;
06/03/2020;Novo Hamburgo-R07;1;0;;;
07/03/2020;Novo Hamburgo-R07;1;0;;;
08/03/2020;Novo Hamburgo-R07;1;0;;;
09/03/2020;Novo Hamburgo-R07;1;0;;;
10/03/2020;Novo Hamburgo-R07;1;0;;;
11/03/2020;Novo Hamburgo-R07;1;0;;;
12/03/2020;Novo Hamburgo-R07;1;0;;;
13/03/2020;Novo Hamburgo-R07;2;0;;;
14/03/2020;Novo Hamburgo-R07;4;0;;;
15/03/2020;Novo Hamburgo-R07;5;0;;;
16/03/2020;Novo Hamburgo-R07;12;0;;;
17/03/2020;Novo Hamburgo-R07;13;0;;;
18/03/2020;Novo Hamburgo-R07;15;0;;;
19/03/2020;Novo Hamburgo-R07;18;0;;;
20/03/2020;Novo Hamburgo-R07;20;0;;;
21/03/2020;Novo Hamburgo-R07;21;0;;;
22/03/2020;Novo Hamburgo-R07;24;0;;;
23/03/2020;Novo Hamburgo-R07;28;0;;;
24/03/2020;Novo Hamburgo-R07;31;0;;;
25/03/2020;Novo Hamburgo-R07;35;0;;;
26/03/2020;Novo Hamburgo-R07;39;0;;;
27/03/2020;Novo Hamburgo-R07;39;0;;;
28/03/2020;Novo Hamburgo-R07;41;1;;;
29/03/2020;Novo Hamburgo-R07;46;1;;;
30/03/2020;Novo Hamburgo-R07;48;2;;;
31/03/2020;Novo Hamburgo-R07;49;2;;;
01/04/2020;Novo Hamburgo-R07;52;2;;;
02/04/2020;Novo Hamburgo-R07;55;2;;;
03/04/2020;Novo Hamburgo-R07;57;2;;;
04/04/2020;Novo Hamburgo-R07;59;3;;;
05/04/2020;Novo Hamburgo-R07;59;3;;;
06/04/2020;Novo Hamburgo-R07;59;3;;;
07/04/2020;Novo Hamburgo-R07;61;3;0;0;
08/04/2020;Novo Hamburgo-R07;61;3;5;2;
09/04/2020;Novo Hamburgo-R07;64;4;5;4;
10/04/2020;Novo Hamburgo-R07;65;4;5;4;
11/04/2020;Novo Hamburgo-R07;68;4;5;7;
12/04/2020;Novo Hamburgo-R07;68;4;5;7;
13/04/2020;Novo Hamburgo-R07;72;4;5;8;
14/04/2020;Novo Hamburgo-R07;76;4;0;5;
15/04/2020;Novo Hamburgo-R07;79;4;0;5;
16/04/2020;Novo Hamburgo-R07;79;4;0;5;
17/04/2020;Novo Hamburgo-R07;83;4;0;5;
18/04/2020;Novo Hamburgo-R07;88;4;0;5;
19/04/2020;Novo Hamburgo-R07;92;4;0;5;
20/04/2020;Novo Hamburgo-R07;96;4;0;5;
21/04/2020;Novo Hamburgo-R07;98;4;0;6;
22/04/2020;Novo Hamburgo-R07;99;4;1;5;
23/04/2020;Novo Hamburgo-R07;102;4;0;6;
24/04/2020;Novo Hamburgo-R07;105;4;0;6;
25/04/2020;Novo Hamburgo-R07;108;4;0;5;
26/04/2020;Novo Hamburgo-R07;110;4;1;5;
27/04/2020;Novo Hamburgo-R07;115;4;0;5;
28/04/2020;Novo Hamburgo-R07;120;4;1;6;
29/04/2020;Novo Hamburgo-R07;124;4;6;5;
30/04/2020;Novo Hamburgo-R07;126;4;6;4;
01/05/2020;Novo Hamburgo-R07;131;4;5;4;
02/05/2020;Novo Hamburgo-R07;135;4;4;4;
03/05/2020;Novo Hamburgo-R07;135;4;4;5;
04/05/2020;Novo Hamburgo-R07;138;4;4;5;
05/05/2020;Novo Hamburgo-R07;141;4;5;5;
06/05/2020;Novo Hamburgo-R07;146;4;3;5;
07/05/2020;Novo Hamburgo-R07;152;4;2;4;
08/05/2020;Novo Hamburgo-R07;156;4;2;4;
09/05/2020;Novo Hamburgo-R07;161;4;2;4;
10/05/2020;Novo Hamburgo-R07;167;4;0;4;
11/05/2020;Novo Hamburgo-R07;176;4;0;3;
12/05/2020;Novo Hamburgo-R07;180;4;1;3;
13/05/2020;Novo Hamburgo-R07;187;4;1;3;
14/05/2020;Novo Hamburgo-R07;199;4;1;3;
15/05/2020;Novo Hamburgo-R07;209;4;0;4;
16/05/2020;Novo Hamburgo-R07;224;4;0;3;
17/05/2020;Novo Hamburgo-R07;235;4;0;3;
18/05/2020;Novo Hamburgo-R07;250;4;1;2;
19/05/2020;Novo Hamburgo-R07;255;4;3;2;
20/05/2020;Novo Hamburgo-R07;269;4;5;2;
21/05/2020;Novo Hamburgo-R07;281;4;6;3;
22/05/2020;Novo Hamburgo-R07;295;4;6;4;
23/05/2020;Novo Hamburgo-R07;307;5;2;4;
24/05/2020;Novo Hamburgo-R07;321;5;3;3;
25/05/2020;Novo Hamburgo-R07;336;5;4;4;
26/05/2020;Novo Hamburgo-R07;348;6;2;4;
27/05/2020;Novo Hamburgo-R07;365;6;5;4;
28/05/2020;Novo Hamburgo-R07;371;6;4;4;
29/05/2020;Novo Hamburgo-R07;380;7;5;2;
30/05/2020;Novo Hamburgo-R07;393;7;3;2;
31/05/2020;Novo Hamburgo-R07;399;7;3;2;
01/06/2020;Novo Hamburgo-R07;415;7;4;4;
02/06/2020;Novo Hamburgo-R07;419;8;1;4;
03/06/2020;Novo Hamburgo-R07;430;9;2;3;
04/06/2020;Novo Hamburgo-R07;434;9;1;4;
05/06/2020;Novo Hamburgo-R07;441;10;2;6;
06/06/2020;Novo Hamburgo-R07;443;10;5;9;
07/06/2020;Novo Hamburgo-R07;448;10;7;5;
08/06/2020;Novo Hamburgo-R07;449;11;8;8;
09/06/2020;Novo Hamburgo-R07;449;12;10;7;
10/06/2020;Novo Hamburgo-R07;449;13;17;7;
11/06/2020;Novo Hamburgo-R07;449;14;15;10;
12/06/2020;Novo Hamburgo-R07;449;14;19;10;
29/02/2020;Canoas-R08;0;0;;;
01/03/2020;Canoas-R08;0;0;;;
02/03/2020;Canoas-R08;0;0;;;
03/03/2020;Canoas-R08;1;0;;;
04/03/2020;Canoas-R08;1;0;;;
05/03/2020;Canoas-R08;1;0;;;
06/03/2020;Canoas-R08;1;0;;;
07/03/2020;Canoas-R08;1;0;;;
08/03/2020;Canoas-R08;1;0;;;
09/03/2020;Canoas-R08;1;0;;;
10/03/2020;Canoas-R08;2;0;;;
11/03/2020;Canoas-R08;2;0;;;
12/03/2020;Canoas-R08;2;0;;;
13/03/2020;Canoas-R08;3;0;;;
14/03/2020;Canoas-R08;4;0;;;
15/03/2020;Canoas-R08;5;0;;;
16/03/2020;Canoas-R08;7;0;;;
17/03/2020;Canoas-R08;7;0;;;
18/03/2020;Canoas-R08;9;0;;;
19/03/2020;Canoas-R08;10;0;;;
20/03/2020;Canoas-R08;12;0;;;
21/03/2020;Canoas-R08;13;0;;;
22/03/2020;Canoas-R08;15;0;;;
23/03/2020;Canoas-R08;16;0;;;
24/03/2020;Canoas-R08;16;0;;;
25/03/2020;Canoas-R08;18;0;;;
26/03/2020;Canoas-R08;20;0;;;
27/03/2020;Canoas-R08;21;0;;;
28/03/2020;Canoas-R08;23;0;;;
29/03/2020;Canoas-R08;25;0;;;
30/03/2020;Canoas-R08;26;0;;;
31/03/2020;Canoas-R08;28;0;;;
01/04/2020;Canoas-R08;31;0;;;
02/04/2020;Canoas-R08;32;0;;;
03/04/2020;Canoas-R08;33;0;;;
04/04/2020;Canoas-R08;35;0;;;
05/04/2020;Canoas-R08;38;0;;;
06/04/2020;Canoas-R08;42;0;;;
07/04/2020;Canoas-R08;42;0;0;1;
08/04/2020;Canoas-R08;43;0;1;1;
09/04/2020;Canoas-R08;45;0;1;1;
10/04/2020;Canoas-R08;48;1;1011;1;
11/04/2020;Canoas-R08;52;1;1;2;
12/04/2020;Canoas-R08;57;1;2;1;
13/04/2020;Canoas-R08;58;1;1;1;
14/04/2020;Canoas-R08;61;1;1;1;
15/04/2020;Canoas-R08;64;1;1;1;
16/04/2020;Canoas-R08;65;1;1;1;
17/04/2020;Canoas-R08;66;1;1;2;
18/04/2020;Canoas-R08;68;1;1;2;
19/04/2020;Canoas-R08;70;1;1;2;
20/04/2020;Canoas-R08;78;1;0;3;
21/04/2020;Canoas-R08;81;1;0;4;
22/04/2020;Canoas-R08;83;1;0;4;
23/04/2020;Canoas-R08;88;1;1;3;
24/04/2020;Canoas-R08;95;1;1;5;
25/04/2020;Canoas-R08;96;1;3;5;
26/04/2020;Canoas-R08;100;1;3;5;
27/04/2020;Canoas-R08;104;1;1;5;
28/04/2020;Canoas-R08;108;1;0;6;
29/04/2020;Canoas-R08;112;1;0;6;
30/04/2020;Canoas-R08;114;1;2;7;
01/05/2020;Canoas-R08;116;2;2;4;
02/05/2020;Canoas-R08;118;2;3;4;
03/05/2020;Canoas-R08;123;2;4;2;
04/05/2020;Canoas-R08;128;2;4;3;
05/05/2020;Canoas-R08;135;2;4;3;
06/05/2020;Canoas-R08;141;2;6;3;
07/05/2020;Canoas-R08;145;2;6;4;
08/05/2020;Canoas-R08;151;2;3;5;
09/05/2020;Canoas-R08;155;2;4;6;
10/05/2020;Canoas-R08;161;2;7;4;
11/05/2020;Canoas-R08;170;2;6;6;
12/05/2020;Canoas-R08;175;2;6;7;
13/05/2020;Canoas-R08;184;3;9;6;
14/05/2020;Canoas-R08;195;4;7;6;
15/05/2020;Canoas-R08;204;5;13;6;
16/05/2020;Canoas-R08;209;6;12;7;
17/05/2020;Canoas-R08;214;8;9;7;
18/05/2020;Canoas-R08;222;9;9;6;
19/05/2020;Canoas-R08;226;11;6;4;
20/05/2020;Canoas-R08;243;11;5;3;
21/05/2020;Canoas-R08;255;11;6;4;
22/05/2020;Canoas-R08;263;11;8;4;
23/05/2020;Canoas-R08;271;11;4;5;
24/05/2020;Canoas-R08;277;12;4;6;
25/05/2020;Canoas-R08;285;14;4;4;
26/05/2020;Canoas-R08;293;14;4;4;
27/05/2020;Canoas-R08;300;15;5;5;
28/05/2020;Canoas-R08;315;15;5;4;
29/05/2020;Canoas-R08;327;15;4;9;
30/05/2020;Canoas-R08;336;15;7;11;
31/05/2020;Canoas-R08;352;15;7;10;
01/06/2020;Canoas-R08;363;17;9;9;
02/06/2020;Canoas-R08;372;18;11;12;
03/06/2020;Canoas-R08;375;20;15;6;
04/06/2020;Canoas-R08;389;20;19;6;
05/06/2020;Canoas-R08;394;20;21;7;
06/06/2020;Canoas-R08;395;21;20;6;
07/06/2020;Canoas-R08;399;21;20;8;
08/06/2020;Canoas-R08;399;21;19;7;
09/06/2020;Canoas-R08;400;22;16;6;
10/06/2020;Canoas-R08;400;23;12;9;
11/06/2020;Canoas-R08;400;24;13;10;
12/06/2020;Canoas-R08;400;24;11;10;
29/02/2020;Porto Alegre-R09 R10;1;0;;;
01/03/2020;Porto Alegre-R09 R10;1;0;;;
02/03/2020;Porto Alegre-R09 R10;1;0;;;
03/03/2020;Porto Alegre-R09 R10;1;0;;;
04/03/2020;Porto Alegre-R09 R10;1;0;;;
05/03/2020;Porto Alegre-R09 R10;2;0;;;
06/03/2020;Porto Alegre-R09 R10;3;0;;;
07/03/2020;Porto Alegre-R09 R10;4;0;;;
08/03/2020;Porto Alegre-R09 R10;7;0;;;
09/03/2020;Porto Alegre-R09 R10;9;0;;;
10/03/2020;Porto Alegre-R09 R10;12;0;;;
11/03/2020;Porto Alegre-R09 R10;17;0;;;
12/03/2020;Porto Alegre-R09 R10;24;0;;;
13/03/2020;Porto Alegre-R09 R10;32;0;;;
14/03/2020;Porto Alegre-R09 R10;39;0;;;
15/03/2020;Porto Alegre-R09 R10;69;0;;;
16/03/2020;Porto Alegre-R09 R10;94;0;;;
17/03/2020;Porto Alegre-R09 R10;106;0;;;
18/03/2020;Porto Alegre-R09 R10;120;0;;;
19/03/2020;Porto Alegre-R09 R10;136;0;;;
20/03/2020;Porto Alegre-R09 R10;156;0;;;
21/03/2020;Porto Alegre-R09 R10;172;0;;;
22/03/2020;Porto Alegre-R09 R10;177;0;;;
23/03/2020;Porto Alegre-R09 R10;191;0;;;
24/03/2020;Porto Alegre-R09 R10;204;1;;;
25/03/2020;Porto Alegre-R09 R10;221;1;;;
26/03/2020;Porto Alegre-R09 R10;240;2;;;
27/03/2020;Porto Alegre-R09 R10;251;2;;;
28/03/2020;Porto Alegre-R09 R10;263;2;;;
29/03/2020;Porto Alegre-R09 R10;281;2;;;
30/03/2020;Porto Alegre-R09 R10;294;2;;;
31/03/2020;Porto Alegre-R09 R10;308;2;;;
01/04/2020;Porto Alegre-R09 R10;325;3;;;
02/04/2020;Porto Alegre-R09 R10;335;4;;;
03/04/2020;Porto Alegre-R09 R10;350;4;;;
04/04/2020;Porto Alegre-R09 R10;359;4;;;
05/04/2020;Porto Alegre-R09 R10;363;4;;;
06/04/2020;Porto Alegre-R09 R10;374;5;;;
07/04/2020;Porto Alegre-R09 R10;382;6;;;
08/04/2020;Porto Alegre-R09 R10;394;7;;;
09/04/2020;Porto Alegre-R09 R10;406;7;0;0;
10/04/2020;Porto Alegre-R09 R10;414;7;0;0;
11/04/2020;Porto Alegre-R09 R10;419;7;0;0;
12/04/2020;Porto Alegre-R09 R10;424;8;0;0;
13/04/2020;Porto Alegre-R09 R10;436;9;1;0;
14/04/2020;Porto Alegre-R09 R10;445;9;19;36;
15/04/2020;Porto Alegre-R09 R10;453;9;14;41;
16/04/2020;Porto Alegre-R09 R10;464;10;16;41;
17/04/2020;Porto Alegre-R09 R10;472;10;15;40;
18/04/2020;Porto Alegre-R09 R10;479;10;7;41;
19/04/2020;Porto Alegre-R09 R10;487;11;5;38;
20/04/2020;Porto Alegre-R09 R10;493;11;10;23;
21/04/2020;Porto Alegre-R09 R10;497;12;26;34;
22/04/2020;Porto Alegre-R09 R10;509;12;15;30;
23/04/2020;Porto Alegre-R09 R10;516;12;17;32;
24/04/2020;Porto Alegre-R09 R10;525;13;13;34;
25/04/2020;Porto Alegre-R09 R10;532;14;16;33;
26/04/2020;Porto Alegre-R09 R10;543;16;13;35;
27/04/2020;Porto Alegre-R09 R10;551;16;14;32;
28/04/2020;Porto Alegre-R09 R10;560;16;18;34;
29/04/2020;Porto Alegre-R09 R10;570;17;19;35;
30/04/2020;Porto Alegre-R09 R10;578;17;18;30;
01/05/2020;Porto Alegre-R09 R10;590;17;15;29;
02/05/2020;Porto Alegre-R09 R10;597;18;14;32;
03/05/2020;Porto Alegre-R09 R10;611;20;11;34;
04/05/2020;Porto Alegre-R09 R10;629;20;19;34;
05/05/2020;Porto Alegre-R09 R10;646;21;37;26;
06/05/2020;Porto Alegre-R09 R10;663;21;35;29;
07/05/2020;Porto Alegre-R09 R10;686;21;37;37;
08/05/2020;Porto Alegre-R09 R10;709;22;29;34;
09/05/2020;Porto Alegre-R09 R10;730;22;29;34;
10/05/2020;Porto Alegre-R09 R10;750;22;32;42;
11/05/2020;Porto Alegre-R09 R10;774;24;25;35;
12/05/2020;Porto Alegre-R09 R10;792;26;27;35;
13/05/2020;Porto Alegre-R09 R10;815;28;29;34;
14/05/2020;Porto Alegre-R09 R10;846;29;41;32;
15/05/2020;Porto Alegre-R09 R10;885;29;43;42;
16/05/2020;Porto Alegre-R09 R10;912;30;41;45;
17/05/2020;Porto Alegre-R09 R10;938;30;64;42;
18/05/2020;Porto Alegre-R09 R10;974;34;41;46;
19/05/2020;Porto Alegre-R09 R10;1001;36;56;45;
20/05/2020;Porto Alegre-R09 R10;1032;36;47;43;
21/05/2020;Porto Alegre-R09 R10;1051;37;53;45;
22/05/2020;Porto Alegre-R09 R10;1092;38;53;48;
23/05/2020;Porto Alegre-R09 R10;1114;40;54;49;
24/05/2020;Porto Alegre-R09 R10;1138;44;60;47;
25/05/2020;Porto Alegre-R09 R10;1179;47;59;47;
26/05/2020;Porto Alegre-R09 R10;1193;48;64;45;
27/05/2020;Porto Alegre-R09 R10;1207;49;63;48;
28/05/2020;Porto Alegre-R09 R10;1235;50;59;47;
29/05/2020;Porto Alegre-R09 R10;1262;51;61;46;
30/05/2020;Porto Alegre-R09 R10;1275;52;59;51;
31/05/2020;Porto Alegre-R09 R10;1283;54;60;50;
01/06/2020;Porto Alegre-R09 R10;1308;57;67;43;
02/06/2020;Porto Alegre-R09 R10;1329;59;71;45;
03/06/2020;Porto Alegre-R09 R10;1368;59;78;49;
04/06/2020;Porto Alegre-R09 R10;1410;60;88;47;
05/06/2020;Porto Alegre-R09 R10;1431;62;94;51;
06/06/2020;Porto Alegre-R09 R10;1443;62;77;49;
07/06/2020;Porto Alegre-R09 R10;1451;63;85;54;
08/06/2020;Porto Alegre-R09 R10;1453;67;81;62;
09/06/2020;Porto Alegre-R09 R10;1454;69;81;63;
10/06/2020;Porto Alegre-R09 R10;1455;72;101;69;
11/06/2020;Porto Alegre-R09 R10;1455;73;93;63;
12/06/2020;Porto Alegre-R09 R10;1455;74;108;69;
29/02/2020;Santo Ângelo-R11;0;0;;;
01/03/2020;Santo Ângelo-R11;0;0;;;
02/03/2020;Santo Ângelo-R11;0;0;;;
03/03/2020;Santo Ângelo-R11;0;0;;;
04/03/2020;Santo Ângelo-R11;0;0;;;
05/03/2020;Santo Ângelo-R11;0;0;;;
06/03/2020;Santo Ângelo-R11;0;0;;;
07/03/2020;Santo Ângelo-R11;0;0;;;
08/03/2020;Santo Ângelo-R11;0;0;;;
09/03/2020;Santo Ângelo-R11;0;0;;;
10/03/2020;Santo Ângelo-R11;0;0;;;
11/03/2020;Santo Ângelo-R11;0;0;;;
12/03/2020;Santo Ângelo-R11;0;0;;;
13/03/2020;Santo Ângelo-R11;0;0;;;
14/03/2020;Santo Ângelo-R11;0;0;;;
15/03/2020;Santo Ângelo-R11;0;0;;;
16/03/2020;Santo Ângelo-R11;0;0;;;
17/03/2020;Santo Ângelo-R11;0;0;;;
18/03/2020;Santo Ângelo-R11;0;0;;;
19/03/2020;Santo Ângelo-R11;0;0;;;
20/03/2020;Santo Ângelo-R11;0;0;;;
21/03/2020;Santo Ângelo-R11;0;0;;;
22/03/2020;Santo Ângelo-R11;0;0;;;
23/03/2020;Santo Ângelo-R11;0;0;;;
24/03/2020;Santo Ângelo-R11;0;0;;;
25/03/2020;Santo Ângelo-R11;0;0;;;
26/03/2020;Santo Ângelo-R11;0;0;;;
27/03/2020;Santo Ângelo-R11;0;0;;;
28/03/2020;Santo Ângelo-R11;0;0;;;
29/03/2020;Santo Ângelo-R11;0;0;;;
30/03/2020;Santo Ângelo-R11;0;0;;;
31/03/2020;Santo Ângelo-R11;0;0;;;
01/04/2020;Santo Ângelo-R11;0;0;;;
02/04/2020;Santo Ângelo-R11;0;0;;;
03/04/2020;Santo Ângelo-R11;0;0;;;
04/04/2020;Santo Ângelo-R11;0;0;;;
05/04/2020;Santo Ângelo-R11;0;0;;;
06/04/2020;Santo Ângelo-R11;0;0;;;
07/04/2020;Santo Ângelo-R11;0;0;0;0;
08/04/2020;Santo Ângelo-R11;0;0;0;0;
09/04/2020;Santo Ângelo-R11;0;0;0;0;
10/04/2020;Santo Ângelo-R11;0;0;0;0;
11/04/2020;Santo Ângelo-R11;0;0;0;0;
12/04/2020;Santo Ângelo-R11;0;0;0;0;
13/04/2020;Santo Ângelo-R11;0;0;0;0;
14/04/2020;Santo Ângelo-R11;0;0;0;0;
15/04/2020;Santo Ângelo-R11;0;0;0;0;
16/04/2020;Santo Ângelo-R11;0;0;0;0;
17/04/2020;Santo Ângelo-R11;0;0;0;0;
18/04/2020;Santo Ângelo-R11;0;0;0;0;
19/04/2020;Santo Ângelo-R11;0;0;0;0;
20/04/2020;Santo Ângelo-R11;0;0;0;0;
21/04/2020;Santo Ângelo-R11;0;0;0;0;
22/04/2020;Santo Ângelo-R11;0;0;0;0;
23/04/2020;Santo Ângelo-R11;1;0;0;0;
24/04/2020;Santo Ângelo-R11;1;0;0;0;
25/04/2020;Santo Ângelo-R11;2;0;0;0;
26/04/2020;Santo Ângelo-R11;3;0;0;0;
27/04/2020;Santo Ângelo-R11;4;0;0;0;
28/04/2020;Santo Ângelo-R11;4;0;0;0;
29/04/2020;Santo Ângelo-R11;5;0;0;1;
30/04/2020;Santo Ângelo-R11;6;1;0;0;
01/05/2020;Santo Ângelo-R11;6;1;0;0;
02/05/2020;Santo Ângelo-R11;7;1;0;1;
03/05/2020;Santo Ângelo-R11;7;1;1;1;
04/05/2020;Santo Ângelo-R11;8;1;1;1;
05/05/2020;Santo Ângelo-R11;9;1;1;1;
06/05/2020;Santo Ângelo-R11;9;1;1;1;
07/05/2020;Santo Ângelo-R11;10;1;4;2;
08/05/2020;Santo Ângelo-R11;11;1;3;4;
09/05/2020;Santo Ângelo-R11;13;1;2;4;
10/05/2020;Santo Ângelo-R11;14;1;3;3;
11/05/2020;Santo Ângelo-R11;16;1;3;2;
12/05/2020;Santo Ângelo-R11;17;1;3;2;
13/05/2020;Santo Ângelo-R11;18;1;4;2;
14/05/2020;Santo Ângelo-R11;19;2;2;2;
15/05/2020;Santo Ângelo-R11;20;2;1;2;
16/05/2020;Santo Ângelo-R11;20;2;2;2;
17/05/2020;Santo Ângelo-R11;21;2;3;2;
18/05/2020;Santo Ângelo-R11;21;2;0;2;
19/05/2020;Santo Ângelo-R11;21;2;1;5;
20/05/2020;Santo Ângelo-R11;22;2;3;2;
21/05/2020;Santo Ângelo-R11;23;2;2;2;
22/05/2020;Santo Ângelo-R11;24;2;3;3;
23/05/2020;Santo Ângelo-R11;24;2;2;4;
24/05/2020;Santo Ângelo-R11;26;2;4;3;
25/05/2020;Santo Ângelo-R11;27;3;4;3;
26/05/2020;Santo Ângelo-R11;27;3;4;3;
27/05/2020;Santo Ângelo-R11;29;3;5;3;
28/05/2020;Santo Ângelo-R11;30;3;6;4;
29/05/2020;Santo Ângelo-R11;30;3;3;4;
30/05/2020;Santo Ângelo-R11;32;3;3;4;
31/05/2020;Santo Ângelo-R11;35;3;1;4;
01/06/2020;Santo Ângelo-R11;40;3;1;4;
02/06/2020;Santo Ângelo-R11;41;3;1;3;
03/06/2020;Santo Ângelo-R11;42;3;2;1;
04/06/2020;Santo Ângelo-R11;47;3;2;2;
05/06/2020;Santo Ângelo-R11;49;4;2;4;
06/06/2020;Santo Ângelo-R11;50;5;3;2;
07/06/2020;Santo Ângelo-R11;50;5;3;2;
08/06/2020;Santo Ângelo-R11;50;5;4;4;
09/06/2020;Santo Ângelo-R11;50;6;4;2;
10/06/2020;Santo Ângelo-R11;50;6;3;2;
11/06/2020;Santo Ângelo-R11;50;6;4;3;
12/06/2020;Santo Ângelo-R11;50;6;4;3;
29/02/2020;Cruz Alta-R12;0;0;;;
01/03/2020;Cruz Alta-R12;0;0;;;
02/03/2020;Cruz Alta-R12;0;0;;;
03/03/2020;Cruz Alta-R12;0;0;;;
04/03/2020;Cruz Alta-R12;0;0;;;
05/03/2020;Cruz Alta-R12;0;0;;;
06/03/2020;Cruz Alta-R12;0;0;;;
07/03/2020;Cruz Alta-R12;0;0;;;
08/03/2020;Cruz Alta-R12;0;0;;;
09/03/2020;Cruz Alta-R12;0;0;;;
10/03/2020;Cruz Alta-R12;0;0;;;
11/03/2020;Cruz Alta-R12;0;0;;;
12/03/2020;Cruz Alta-R12;0;0;;;
13/03/2020;Cruz Alta-R12;0;0;;;
14/03/2020;Cruz Alta-R12;0;0;;;
15/03/2020;Cruz Alta-R12;0;0;;;
16/03/2020;Cruz Alta-R12;0;0;;;
17/03/2020;Cruz Alta-R12;0;0;;;
18/03/2020;Cruz Alta-R12;0;0;;;
19/03/2020;Cruz Alta-R12;0;0;;;
20/03/2020;Cruz Alta-R12;0;0;;;
21/03/2020;Cruz Alta-R12;0;0;;;
22/03/2020;Cruz Alta-R12;0;0;;;
23/03/2020;Cruz Alta-R12;0;0;;;
24/03/2020;Cruz Alta-R12;0;0;;;
25/03/2020;Cruz Alta-R12;0;0;;;
26/03/2020;Cruz Alta-R12;0;0;;;
27/03/2020;Cruz Alta-R12;0;0;;;
28/03/2020;Cruz Alta-R12;0;0;;;
29/03/2020;Cruz Alta-R12;0;0;;;
30/03/2020;Cruz Alta-R12;0;0;;;
31/03/2020;Cruz Alta-R12;0;0;;;
01/04/2020;Cruz Alta-R12;0;0;;;
02/04/2020;Cruz Alta-R12;0;0;;;
03/04/2020;Cruz Alta-R12;0;0;;;
04/04/2020;Cruz Alta-R12;0;0;;;
05/04/2020;Cruz Alta-R12;0;0;;;
06/04/2020;Cruz Alta-R12;0;0;;;
07/04/2020;Cruz Alta-R12;0;0;0;0;
08/04/2020;Cruz Alta-R12;0;0;0;0;
09/04/2020;Cruz Alta-R12;0;0;0;0;
10/04/2020;Cruz Alta-R12;0;0;0;0;
11/04/2020;Cruz Alta-R12;0;0;0;0;
12/04/2020;Cruz Alta-R12;0;0;0;0;
13/04/2020;Cruz Alta-R12;1;0;0;0;
14/04/2020;Cruz Alta-R12;1;0;0;0;
15/04/2020;Cruz Alta-R12;1;0;6;0;
16/04/2020;Cruz Alta-R12;1;0;0;0;
17/04/2020;Cruz Alta-R12;2;0;0;0;
18/04/2020;Cruz Alta-R12;2;0;0;0;
19/04/2020;Cruz Alta-R12;2;0;0;0;
20/04/2020;Cruz Alta-R12;2;0;0;0;
21/04/2020;Cruz Alta-R12;3;0;0;0;
22/04/2020;Cruz Alta-R12;3;0;0;0;
23/04/2020;Cruz Alta-R12;3;0;0;0;
24/04/2020;Cruz Alta-R12;4;0;0;0;
25/04/2020;Cruz Alta-R12;6;0;0;0;
26/04/2020;Cruz Alta-R12;6;0;1;0;
27/04/2020;Cruz Alta-R12;9;0;1;0;
28/04/2020;Cruz Alta-R12;9;0;1;0;
29/04/2020;Cruz Alta-R12;10;0;1;0;
30/04/2020;Cruz Alta-R12;11;0;1;0;
01/05/2020;Cruz Alta-R12;12;0;0;0;
02/05/2020;Cruz Alta-R12;15;1;0;0;
03/05/2020;Cruz Alta-R12;16;1;0;0;
04/05/2020;Cruz Alta-R12;18;1;0;0;
05/05/2020;Cruz Alta-R12;18;1;0;0;
06/05/2020;Cruz Alta-R12;18;1;1;0;
07/05/2020;Cruz Alta-R12;18;1;1;0;
08/05/2020;Cruz Alta-R12;18;1;1;0;
09/05/2020;Cruz Alta-R12;18;1;1;0;
10/05/2020;Cruz Alta-R12;18;1;1;0;
11/05/2020;Cruz Alta-R12;21;1;1;1;
12/05/2020;Cruz Alta-R12;21;1;1;1;
13/05/2020;Cruz Alta-R12;21;1;2;1;
14/05/2020;Cruz Alta-R12;24;2;3;1;
15/05/2020;Cruz Alta-R12;26;2;3;1;
16/05/2020;Cruz Alta-R12;29;3;3;1;
17/05/2020;Cruz Alta-R12;30;3;3;0;
18/05/2020;Cruz Alta-R12;31;3;3;0;
19/05/2020;Cruz Alta-R12;31;3;2;0;
20/05/2020;Cruz Alta-R12;35;4;3;0;
21/05/2020;Cruz Alta-R12;35;4;3;0;
22/05/2020;Cruz Alta-R12;37;4;2;1;
23/05/2020;Cruz Alta-R12;42;4;5;1;
24/05/2020;Cruz Alta-R12;42;4;5;1;
25/05/2020;Cruz Alta-R12;44;4;5;1;
26/05/2020;Cruz Alta-R12;44;4;5;2;
27/05/2020;Cruz Alta-R12;44;4;4;2;
28/05/2020;Cruz Alta-R12;46;4;5;2;
29/05/2020;Cruz Alta-R12;49;4;5;2;
30/05/2020;Cruz Alta-R12;50;4;6;2;
31/05/2020;Cruz Alta-R12;51;4;6;3;
01/06/2020;Cruz Alta-R12;52;5;9;1;
02/06/2020;Cruz Alta-R12;54;5;9;1;
03/06/2020;Cruz Alta-R12;55;5;6;2;
04/06/2020;Cruz Alta-R12;55;5;5;3;
05/06/2020;Cruz Alta-R12;59;5;2;2;
06/06/2020;Cruz Alta-R12;59;5;1;2;
07/06/2020;Cruz Alta-R12;59;5;4;2;
08/06/2020;Cruz Alta-R12;59;5;3;4;
09/06/2020;Cruz Alta-R12;59;5;4;2;
10/06/2020;Cruz Alta-R12;59;5;4;1;
11/06/2020;Cruz Alta-R12;59;5;7;1;
12/06/2020;Cruz Alta-R12;59;5;5;4;
29/02/2020;Ijuí-R13;0;0;;;
01/03/2020;Ijuí-R13;0;0;;;
02/03/2020;Ijuí-R13;0;0;;;
03/03/2020;Ijuí-R13;0;0;;;
04/03/2020;Ijuí-R13;0;0;;;
05/03/2020;Ijuí-R13;0;0;;;
06/03/2020;Ijuí-R13;0;0;;;
07/03/2020;Ijuí-R13;0;0;;;
08/03/2020;Ijuí-R13;0;0;;;
09/03/2020;Ijuí-R13;0;0;;;
10/03/2020;Ijuí-R13;0;0;;;
11/03/2020;Ijuí-R13;0;0;;;
12/03/2020;Ijuí-R13;0;0;;;
13/03/2020;Ijuí-R13;0;0;;;
14/03/2020;Ijuí-R13;0;0;;;
15/03/2020;Ijuí-R13;0;0;;;
16/03/2020;Ijuí-R13;0;0;;;
17/03/2020;Ijuí-R13;0;0;;;
18/03/2020;Ijuí-R13;0;0;;;
19/03/2020;Ijuí-R13;0;0;;;
20/03/2020;Ijuí-R13;0;0;;;
21/03/2020;Ijuí-R13;0;0;;;
22/03/2020;Ijuí-R13;0;0;;;
23/03/2020;Ijuí-R13;0;0;;;
24/03/2020;Ijuí-R13;0;0;;;
25/03/2020;Ijuí-R13;0;0;;;
26/03/2020;Ijuí-R13;0;0;;;
27/03/2020;Ijuí-R13;0;0;;;
28/03/2020;Ijuí-R13;0;0;;;
29/03/2020;Ijuí-R13;0;0;;;
30/03/2020;Ijuí-R13;1;0;;;
31/03/2020;Ijuí-R13;1;0;;;
01/04/2020;Ijuí-R13;1;0;;;
02/04/2020;Ijuí-R13;1;0;;;
03/04/2020;Ijuí-R13;1;0;;;
04/04/2020;Ijuí-R13;1;0;;;
05/04/2020;Ijuí-R13;1;0;;;
06/04/2020;Ijuí-R13;1;0;;;
07/04/2020;Ijuí-R13;1;0;;;
08/04/2020;Ijuí-R13;1;0;;;
09/04/2020;Ijuí-R13;1;0;;;
10/04/2020;Ijuí-R13;1;0;1;0;
11/04/2020;Ijuí-R13;1;0;1;0;
12/04/2020;Ijuí-R13;1;0;1;0;
13/04/2020;Ijuí-R13;1;0;1;0;
14/04/2020;Ijuí-R13;1;0;1;0;
15/04/2020;Ijuí-R13;1;0;0;0;
16/04/2020;Ijuí-R13;1;0;0;0;
17/04/2020;Ijuí-R13;1;0;0;0;
18/04/2020;Ijuí-R13;2;0;0;0;
19/04/2020;Ijuí-R13;2;0;0;0;
20/04/2020;Ijuí-R13;2;0;0;0;
21/04/2020;Ijuí-R13;2;0;0;0;
22/04/2020;Ijuí-R13;2;0;1;0;
23/04/2020;Ijuí-R13;2;0;0;0;
24/04/2020;Ijuí-R13;2;0;0;0;
25/04/2020;Ijuí-R13;2;0;0;0;
26/04/2020;Ijuí-R13;2;0;0;0;
27/04/2020;Ijuí-R13;2;0;0;0;
28/04/2020;Ijuí-R13;2;0;0;0;
29/04/2020;Ijuí-R13;3;0;0;0;
30/04/2020;Ijuí-R13;3;0;1;0;
01/05/2020;Ijuí-R13;3;0;2;0;
02/05/2020;Ijuí-R13;3;0;2;0;
03/05/2020;Ijuí-R13;3;0;2;0;
04/05/2020;Ijuí-R13;4;0;2;0;
05/05/2020;Ijuí-R13;4;0;3;0;
06/05/2020;Ijuí-R13;4;0;0;0;
07/05/2020;Ijuí-R13;4;0;0;0;
08/05/2020;Ijuí-R13;4;0;0;0;
09/05/2020;Ijuí-R13;4;0;1;0;
10/05/2020;Ijuí-R13;4;0;1;0;
11/05/2020;Ijuí-R13;4;0;1;0;
12/05/2020;Ijuí-R13;4;0;2;0;
13/05/2020;Ijuí-R13;4;0;2;0;
14/05/2020;Ijuí-R13;4;0;2;0;
15/05/2020;Ijuí-R13;4;0;0;0;
16/05/2020;Ijuí-R13;4;0;0;0;
17/05/2020;Ijuí-R13;4;0;0;0;
18/05/2020;Ijuí-R13;5;0;0;0;
19/05/2020;Ijuí-R13;5;0;0;0;
20/05/2020;Ijuí-R13;5;0;0;0;
21/05/2020;Ijuí-R13;6;0;0;0;
22/05/2020;Ijuí-R13;8;0;0;0;
23/05/2020;Ijuí-R13;9;0;0;0;
24/05/2020;Ijuí-R13;10;0;0;0;
25/05/2020;Ijuí-R13;13;0;0;0;
26/05/2020;Ijuí-R13;14;0;1;0;
27/05/2020;Ijuí-R13;14;0;1;0;
28/05/2020;Ijuí-R13;16;0;1;0;
29/05/2020;Ijuí-R13;18;0;0;1;
30/05/2020;Ijuí-R13;18;0;0;1;
31/05/2020;Ijuí-R13;20;1;3;0;
01/06/2020;Ijuí-R13;22;1;3;0;
02/06/2020;Ijuí-R13;22;1;3;0;
03/06/2020;Ijuí-R13;24;1;3;0;
04/06/2020;Ijuí-R13;25;1;4;0;
05/06/2020;Ijuí-R13;25;2;2;0;
06/06/2020;Ijuí-R13;25;2;2;0;
07/06/2020;Ijuí-R13;25;2;2;0;
08/06/2020;Ijuí-R13;25;2;2;0;
09/06/2020;Ijuí-R13;25;3;3;0;
10/06/2020;Ijuí-R13;25;3;2;0;
11/06/2020;Ijuí-R13;25;3;4;0;
12/06/2020;Ijuí-R13;25;3;4;0;
29/02/2020;Santa Rosa-R14;0;0;;;
01/03/2020;Santa Rosa-R14;0;0;;;
02/03/2020;Santa Rosa-R14;0;0;;;
03/03/2020;Santa Rosa-R14;0;0;;;
04/03/2020;Santa Rosa-R14;0;0;;;
05/03/2020;Santa Rosa-R14;0;0;;;
06/03/2020;Santa Rosa-R14;0;0;;;
07/03/2020;Santa Rosa-R14;0;0;;;
08/03/2020;Santa Rosa-R14;1;0;;;
09/03/2020;Santa Rosa-R14;1;0;;;
10/03/2020;Santa Rosa-R14;1;0;;;
11/03/2020;Santa Rosa-R14;1;0;;;
12/03/2020;Santa Rosa-R14;1;0;;;
13/03/2020;Santa Rosa-R14;1;0;;;
14/03/2020;Santa Rosa-R14;1;0;;;
15/03/2020;Santa Rosa-R14;1;0;;;
16/03/2020;Santa Rosa-R14;2;0;;;
17/03/2020;Santa Rosa-R14;2;0;;;
18/03/2020;Santa Rosa-R14;2;0;;;
19/03/2020;Santa Rosa-R14;2;0;;;
20/03/2020;Santa Rosa-R14;3;0;;;
21/03/2020;Santa Rosa-R14;3;0;;;
22/03/2020;Santa Rosa-R14;3;0;;;
23/03/2020;Santa Rosa-R14;3;0;;;
24/03/2020;Santa Rosa-R14;3;0;;;
25/03/2020;Santa Rosa-R14;3;0;;;
26/03/2020;Santa Rosa-R14;3;0;;;
27/03/2020;Santa Rosa-R14;3;0;;;
28/03/2020;Santa Rosa-R14;4;0;;;
29/03/2020;Santa Rosa-R14;4;0;;;
30/03/2020;Santa Rosa-R14;4;0;;;
31/03/2020;Santa Rosa-R14;5;0;;;
01/04/2020;Santa Rosa-R14;5;0;;;
02/04/2020;Santa Rosa-R14;5;0;;;
03/04/2020;Santa Rosa-R14;6;0;;;
04/04/2020;Santa Rosa-R14;6;0;;;
05/04/2020;Santa Rosa-R14;6;0;;;
06/04/2020;Santa Rosa-R14;6;0;;;
07/04/2020;Santa Rosa-R14;6;0;;;
08/04/2020;Santa Rosa-R14;6;0;;;
09/04/2020;Santa Rosa-R14;6;0;0;0;
10/04/2020;Santa Rosa-R14;6;0;0;0;
11/04/2020;Santa Rosa-R14;6;0;0;0;
12/04/2020;Santa Rosa-R14;6;0;0;0;
13/04/2020;Santa Rosa-R14;6;0;0;0;
14/04/2020;Santa Rosa-R14;6;0;0;0;
15/04/2020;Santa Rosa-R14;6;0;0;0;
16/04/2020;Santa Rosa-R14;6;0;0;0;
17/04/2020;Santa Rosa-R14;7;0;0;0;
18/04/2020;Santa Rosa-R14;7;0;0;0;
19/04/2020;Santa Rosa-R14;7;0;0;0;
20/04/2020;Santa Rosa-R14;8;0;0;0;
21/04/2020;Santa Rosa-R14;8;0;0;0;
22/04/2020;Santa Rosa-R14;8;0;0;0;
23/04/2020;Santa Rosa-R14;8;0;0;0;
24/04/2020;Santa Rosa-R14;9;0;1;0;
25/04/2020;Santa Rosa-R14;9;0;1;0;
26/04/2020;Santa Rosa-R14;9;0;1;0;
27/04/2020;Santa Rosa-R14;9;0;1;0;
28/04/2020;Santa Rosa-R14;9;0;1;0;
29/04/2020;Santa Rosa-R14;9;0;1;0;
30/04/2020;Santa Rosa-R14;9;0;0;0;
01/05/2020;Santa Rosa-R14;9;0;0;0;
02/05/2020;Santa Rosa-R14;9;0;4;1;
03/05/2020;Santa Rosa-R14;9;0;0;1;
04/05/2020;Santa Rosa-R14;10;0;0;2;
05/05/2020;Santa Rosa-R14;10;0;0;2;
06/05/2020;Santa Rosa-R14;10;0;0;2;
07/05/2020;Santa Rosa-R14;10;0;0;2;
08/05/2020;Santa Rosa-R14;10;2;0;2;
09/05/2020;Santa Rosa-R14;12;2;0;2;
10/05/2020;Santa Rosa-R14;12;2;0;2;
11/05/2020;Santa Rosa-R14;13;2;0;2;
12/05/2020;Santa Rosa-R14;13;2;0;2;
13/05/2020;Santa Rosa-R14;14;2;0;2;
14/05/2020;Santa Rosa-R14;14;2;1;1;
15/05/2020;Santa Rosa-R14;15;2;0;1;
16/05/2020;Santa Rosa-R14;15;2;0;1;
17/05/2020;Santa Rosa-R14;15;2;0;1;
18/05/2020;Santa Rosa-R14;16;2;0;1;
19/05/2020;Santa Rosa-R14;16;2;0;1;
20/05/2020;Santa Rosa-R14;18;2;0;1;
21/05/2020;Santa Rosa-R14;19;2;0;2;
22/05/2020;Santa Rosa-R14;19;2;0;2;
23/05/2020;Santa Rosa-R14;19;2;0;2;
24/05/2020;Santa Rosa-R14;19;2;4;4;
25/05/2020;Santa Rosa-R14;20;3;0;3;
26/05/2020;Santa Rosa-R14;20;3;1;2;
27/05/2020;Santa Rosa-R14;20;3;0;3;
28/05/2020;Santa Rosa-R14;21;4;0;4;
29/05/2020;Santa Rosa-R14;23;5;0;4;
30/05/2020;Santa Rosa-R14;24;5;0;3;
31/05/2020;Santa Rosa-R14;24;5;5;6;
01/06/2020;Santa Rosa-R14;26;6;0;2;
02/06/2020;Santa Rosa-R14;27;6;0;2;
03/06/2020;Santa Rosa-R14;29;6;0;3;
04/06/2020;Santa Rosa-R14;29;6;1;2;
05/06/2020;Santa Rosa-R14;30;6;1;2;
06/06/2020;Santa Rosa-R14;30;6;1;3;
07/06/2020;Santa Rosa-R14;30;6;1;3;
08/06/2020;Santa Rosa-R14;30;6;1;3;
09/06/2020;Santa Rosa-R14;30;6;0;3;
10/06/2020;Santa Rosa-R14;30;7;1;2;
11/06/2020;Santa Rosa-R14;30;7;0;2;
12/06/2020;Santa Rosa-R14;30;7;1;3;
29/02/2020;Palmeira Das Missões-R15 R20;0;0;;;
01/03/2020;Palmeira Das Missões-R15 R20;0;0;;;
02/03/2020;Palmeira Das Missões-R15 R20;0;0;;;
03/03/2020;Palmeira Das Missões-R15 R20;0;0;;;
04/03/2020;Palmeira Das Missões-R15 R20;0;0;;;
05/03/2020;Palmeira Das Missões-R15 R20;0;0;;;
06/03/2020;Palmeira Das Missões-R15 R20;0;0;;;
07/03/2020;Palmeira Das Missões-R15 R20;0;0;;;
08/03/2020;Palmeira Das Missões-R15 R20;0;0;;;
09/03/2020;Palmeira Das Missões-R15 R20;0;0;;;
10/03/2020;Palmeira Das Missões-R15 R20;0;0;;;
11/03/2020;Palmeira Das Missões-R15 R20;0;0;;;
12/03/2020;Palmeira Das Missões-R15 R20;0;0;;;
13/03/2020;Palmeira Das Missões-R15 R20;0;0;;;
14/03/2020;Palmeira Das Missões-R15 R20;0;0;;;
15/03/2020;Palmeira Das Missões-R15 R20;0;0;;;
16/03/2020;Palmeira Das Missões-R15 R20;0;0;;;
17/03/2020;Palmeira Das Missões-R15 R20;0;0;;;
18/03/2020;Palmeira Das Missões-R15 R20;0;0;;;
19/03/2020;Palmeira Das Missões-R15 R20;0;0;;;
20/03/2020;Palmeira Das Missões-R15 R20;0;0;;;
21/03/2020;Palmeira Das Missões-R15 R20;0;0;;;
22/03/2020;Palmeira Das Missões-R15 R20;0;0;;;
23/03/2020;Palmeira Das Missões-R15 R20;0;0;;;
24/03/2020;Palmeira Das Missões-R15 R20;0;0;;;
25/03/2020;Palmeira Das Missões-R15 R20;0;0;;;
26/03/2020;Palmeira Das Missões-R15 R20;0;0;;;
27/03/2020;Palmeira Das Missões-R15 R20;0;0;;;
28/03/2020;Palmeira Das Missões-R15 R20;0;0;;;
29/03/2020;Palmeira Das Missões-R15 R20;0;0;;;
30/03/2020;Palmeira Das Missões-R15 R20;0;0;;;
31/03/2020;Palmeira Das Missões-R15 R20;0;0;;;
01/04/2020;Palmeira Das Missões-R15 R20;0;0;;;
02/04/2020;Palmeira Das Missões-R15 R20;0;0;;;
03/04/2020;Palmeira Das Missões-R15 R20;1;0;;;
04/04/2020;Palmeira Das Missões-R15 R20;1;0;;;
05/04/2020;Palmeira Das Missões-R15 R20;1;0;;;
06/04/2020;Palmeira Das Missões-R15 R20;1;0;;;
07/04/2020;Palmeira Das Missões-R15 R20;1;0;;;
08/04/2020;Palmeira Das Missões-R15 R20;2;0;0;0;
09/04/2020;Palmeira Das Missões-R15 R20;2;0;0;0;
10/04/2020;Palmeira Das Missões-R15 R20;3;0;0;0;
11/04/2020;Palmeira Das Missões-R15 R20;4;0;0;0;
12/04/2020;Palmeira Das Missões-R15 R20;4;0;0;0;
13/04/2020;Palmeira Das Missões-R15 R20;4;0;0;0;
14/04/2020;Palmeira Das Missões-R15 R20;5;0;0;0;
15/04/2020;Palmeira Das Missões-R15 R20;5;0;1;0;
16/04/2020;Palmeira Das Missões-R15 R20;5;0;1;0;
17/04/2020;Palmeira Das Missões-R15 R20;5;0;1;0;
18/04/2020;Palmeira Das Missões-R15 R20;5;0;1;0;
19/04/2020;Palmeira Das Missões-R15 R20;5;0;1;0;
20/04/2020;Palmeira Das Missões-R15 R20;8;0;2;0;
21/04/2020;Palmeira Das Missões-R15 R20;10;0;1;0;
22/04/2020;Palmeira Das Missões-R15 R20;12;0;1;0;
23/04/2020;Palmeira Das Missões-R15 R20;12;0;1;0;
24/04/2020;Palmeira Das Missões-R15 R20;14;0;1;0;
25/04/2020;Palmeira Das Missões-R15 R20;14;0;2;0;
26/04/2020;Palmeira Das Missões-R15 R20;15;0;3;1;
27/04/2020;Palmeira Das Missões-R15 R20;16;0;3;1;
28/04/2020;Palmeira Das Missões-R15 R20;16;0;3;1;
29/04/2020;Palmeira Das Missões-R15 R20;16;0;3;1;
30/04/2020;Palmeira Das Missões-R15 R20;16;0;3;1;
01/05/2020;Palmeira Das Missões-R15 R20;17;0;3;1;
02/05/2020;Palmeira Das Missões-R15 R20;19;0;3;1;
03/05/2020;Palmeira Das Missões-R15 R20;19;0;3;1;
04/05/2020;Palmeira Das Missões-R15 R20;22;0;4;1;
05/05/2020;Palmeira Das Missões-R15 R20;22;0;3;1;
06/05/2020;Palmeira Das Missões-R15 R20;25;0;3;1;
07/05/2020;Palmeira Das Missões-R15 R20;26;0;4;1;
08/05/2020;Palmeira Das Missões-R15 R20;26;0;4;2;
09/05/2020;Palmeira Das Missões-R15 R20;29;0;4;2;
10/05/2020;Palmeira Das Missões-R15 R20;33;0;2;2;
11/05/2020;Palmeira Das Missões-R15 R20;35;0;2;2;
12/05/2020;Palmeira Das Missões-R15 R20;38;0;1;2;
13/05/2020;Palmeira Das Missões-R15 R20;42;1;1;1;
14/05/2020;Palmeira Das Missões-R15 R20;45;1;1;1;
15/05/2020;Palmeira Das Missões-R15 R20;46;1;4;1;
16/05/2020;Palmeira Das Missões-R15 R20;46;2;4;1;
17/05/2020;Palmeira Das Missões-R15 R20;52;2;3;1;
18/05/2020;Palmeira Das Missões-R15 R20;59;2;2;1;
19/05/2020;Palmeira Das Missões-R15 R20;67;2;1;1;
20/05/2020;Palmeira Das Missões-R15 R20;75;2;4;1;
21/05/2020;Palmeira Das Missões-R15 R20;79;2;3;1;
22/05/2020;Palmeira Das Missões-R15 R20;82;2;4;1;
23/05/2020;Palmeira Das Missões-R15 R20;88;2;2;1;
24/05/2020;Palmeira Das Missões-R15 R20;97;2;2;1;
25/05/2020;Palmeira Das Missões-R15 R20;100;2;1;1;
26/05/2020;Palmeira Das Missões-R15 R20;106;2;0;1;
27/05/2020;Palmeira Das Missões-R15 R20;109;2;0;1;
28/05/2020;Palmeira Das Missões-R15 R20;114;2;1;1;
29/05/2020;Palmeira Das Missões-R15 R20;120;2;2;1;
30/05/2020;Palmeira Das Missões-R15 R20;126;2;4;1;
31/05/2020;Palmeira Das Missões-R15 R20;130;2;2;1;
01/06/2020;Palmeira Das Missões-R15 R20;140;2;2;1;
02/06/2020;Palmeira Das Missões-R15 R20;146;2;2;2;
03/06/2020;Palmeira Das Missões-R15 R20;152;2;2;2;
04/06/2020;Palmeira Das Missões-R15 R20;156;4;3;3;
05/06/2020;Palmeira Das Missões-R15 R20;159;5;1;4;
06/06/2020;Palmeira Das Missões-R15 R20;163;5;2;3;
07/06/2020;Palmeira Das Missões-R15 R20;165;5;2;3;
08/06/2020;Palmeira Das Missões-R15 R20;166;5;2;2;
09/06/2020;Palmeira Das Missões-R15 R20;166;5;3;5;
10/06/2020;Palmeira Das Missões-R15 R20;166;5;1;4;
11/06/2020;Palmeira Das Missões-R15 R20;166;6;2;4;
12/06/2020;Palmeira Das Missões-R15 R20;166;7;0;4;
29/02/2020;Erechim-R16;0;0;;;
01/03/2020;Erechim-R16;0;0;;;
02/03/2020;Erechim-R16;0;0;;;
03/03/2020;Erechim-R16;0;0;;;
04/03/2020;Erechim-R16;0;0;;;
05/03/2020;Erechim-R16;0;0;;;
06/03/2020;Erechim-R16;0;0;;;
07/03/2020;Erechim-R16;0;0;;;
08/03/2020;Erechim-R16;0;0;;;
09/03/2020;Erechim-R16;0;0;;;
10/03/2020;Erechim-R16;2;0;;;
11/03/2020;Erechim-R16;2;0;;;
12/03/2020;Erechim-R16;2;0;;;
13/03/2020;Erechim-R16;2;0;;;
14/03/2020;Erechim-R16;2;0;;;
15/03/2020;Erechim-R16;2;0;;;
16/03/2020;Erechim-R16;3;0;;;
17/03/2020;Erechim-R16;3;0;;;
18/03/2020;Erechim-R16;3;0;;;
19/03/2020;Erechim-R16;4;0;;;
20/03/2020;Erechim-R16;4;0;;;
21/03/2020;Erechim-R16;4;0;;;
22/03/2020;Erechim-R16;4;0;;;
23/03/2020;Erechim-R16;4;0;;;
24/03/2020;Erechim-R16;4;0;;;
25/03/2020;Erechim-R16;5;0;;;
26/03/2020;Erechim-R16;5;0;;;
27/03/2020;Erechim-R16;5;0;;;
28/03/2020;Erechim-R16;5;0;;;
29/03/2020;Erechim-R16;5;0;;;
30/03/2020;Erechim-R16;5;0;;;
31/03/2020;Erechim-R16;5;0;;;
01/04/2020;Erechim-R16;5;0;;;
02/04/2020;Erechim-R16;5;0;;;
03/04/2020;Erechim-R16;5;0;;;
04/04/2020;Erechim-R16;5;0;;;
05/04/2020;Erechim-R16;5;0;;;
06/04/2020;Erechim-R16;6;0;;;
07/04/2020;Erechim-R16;6;0;0;0;
08/04/2020;Erechim-R16;6;0;0;0;
09/04/2020;Erechim-R16;6;0;0;0;
10/04/2020;Erechim-R16;6;0;0;0;
11/04/2020;Erechim-R16;6;0;0;0;
12/04/2020;Erechim-R16;6;0;0;0;
13/04/2020;Erechim-R16;6;0;0;0;
14/04/2020;Erechim-R16;6;0;0;0;
15/04/2020;Erechim-R16;7;0;0;0;
16/04/2020;Erechim-R16;8;0;0;0;
17/04/2020;Erechim-R16;8;0;0;0;
18/04/2020;Erechim-R16;9;0;0;0;
19/04/2020;Erechim-R16;10;0;0;0;
20/04/2020;Erechim-R16;10;0;0;0;
21/04/2020;Erechim-R16;10;0;0;0;
22/04/2020;Erechim-R16;11;0;0;0;
23/04/2020;Erechim-R16;11;0;2;0;
24/04/2020;Erechim-R16;13;0;1;1;
25/04/2020;Erechim-R16;13;0;1;1;
26/04/2020;Erechim-R16;13;0;1;2;
27/04/2020;Erechim-R16;13;0;2;2;
28/04/2020;Erechim-R16;14;0;6;2;
29/04/2020;Erechim-R16;15;0;4;2;
30/04/2020;Erechim-R16;15;0;4;2;
01/05/2020;Erechim-R16;16;0;2;2;
02/05/2020;Erechim-R16;17;0;2;2;
03/05/2020;Erechim-R16;19;0;3;2;
04/05/2020;Erechim-R16;20;1;3;2;
05/05/2020;Erechim-R16;24;1;3;2;
06/05/2020;Erechim-R16;24;1;2;2;
07/05/2020;Erechim-R16;26;1;3;2;
08/05/2020;Erechim-R16;27;1;1;4;
09/05/2020;Erechim-R16;27;1;3;4;
10/05/2020;Erechim-R16;30;1;5;3;
11/05/2020;Erechim-R16;33;1;2;6;
12/05/2020;Erechim-R16;35;1;3;4;
13/05/2020;Erechim-R16;38;1;1;4;
14/05/2020;Erechim-R16;41;1;6;4;
15/05/2020;Erechim-R16;44;1;8;4;
16/05/2020;Erechim-R16;50;1;7;4;
17/05/2020;Erechim-R16;54;1;10;2;
18/05/2020;Erechim-R16;55;1;4;6;
19/05/2020;Erechim-R16;58;1;7;5;
20/05/2020;Erechim-R16;70;1;6;5;
21/05/2020;Erechim-R16;74;1;11;4;
22/05/2020;Erechim-R16;75;1;6;4;
23/05/2020;Erechim-R16;78;1;6;3;
24/05/2020;Erechim-R16;83;1;5;4;
25/05/2020;Erechim-R16;91;1;4;4;
26/05/2020;Erechim-R16;93;1;9;4;
27/05/2020;Erechim-R16;96;1;9;5;
28/05/2020;Erechim-R16;100;1;13;4;
29/05/2020;Erechim-R16;101;1;14;4;
30/05/2020;Erechim-R16;105;1;16;4;
31/05/2020;Erechim-R16;113;2;12;5;
01/06/2020;Erechim-R16;116;2;10;6;
02/06/2020;Erechim-R16;121;2;13;5;
03/06/2020;Erechim-R16;122;2;11;5;
04/06/2020;Erechim-R16;123;2;12;6;
05/06/2020;Erechim-R16;123;2;16;6;
06/06/2020;Erechim-R16;123;3;14;6;
07/06/2020;Erechim-R16;123;3;15;6;
08/06/2020;Erechim-R16;123;3;13;8;
09/06/2020;Erechim-R16;123;3;10;8;
10/06/2020;Erechim-R16;123;3;10;8;
11/06/2020;Erechim-R16;123;3;10;5;
12/06/2020;Erechim-R16;123;3;7;4;
29/02/2020;Passo Fundo-R17 R18 R19;0;0;;;
01/03/2020;Passo Fundo-R17 R18 R19;0;0;;;
02/03/2020;Passo Fundo-R17 R18 R19;0;0;;;
03/03/2020;Passo Fundo-R17 R18 R19;0;0;;;
04/03/2020;Passo Fundo-R17 R18 R19;0;0;;;
05/03/2020;Passo Fundo-R17 R18 R19;0;0;;;
06/03/2020;Passo Fundo-R17 R18 R19;0;0;;;
07/03/2020;Passo Fundo-R17 R18 R19;0;0;;;
08/03/2020;Passo Fundo-R17 R18 R19;0;0;;;
09/03/2020;Passo Fundo-R17 R18 R19;0;0;;;
10/03/2020;Passo Fundo-R17 R18 R19;1;0;;;
11/03/2020;Passo Fundo-R17 R18 R19;1;0;;;
12/03/2020;Passo Fundo-R17 R18 R19;2;0;;;
13/03/2020;Passo Fundo-R17 R18 R19;2;0;;;
14/03/2020;Passo Fundo-R17 R18 R19;3;0;;;
15/03/2020;Passo Fundo-R17 R18 R19;4;0;;;
16/03/2020;Passo Fundo-R17 R18 R19;5;0;;;
17/03/2020;Passo Fundo-R17 R18 R19;5;0;;;
18/03/2020;Passo Fundo-R17 R18 R19;6;0;;;
19/03/2020;Passo Fundo-R17 R18 R19;7;0;;;
20/03/2020;Passo Fundo-R17 R18 R19;8;0;;;
21/03/2020;Passo Fundo-R17 R18 R19;9;0;;;
22/03/2020;Passo Fundo-R17 R18 R19;12;0;;;
23/03/2020;Passo Fundo-R17 R18 R19;14;0;;;
24/03/2020;Passo Fundo-R17 R18 R19;15;0;;;
25/03/2020;Passo Fundo-R17 R18 R19;16;0;;;
26/03/2020;Passo Fundo-R17 R18 R19;20;0;;;
27/03/2020;Passo Fundo-R17 R18 R19;27;0;;;
28/03/2020;Passo Fundo-R17 R18 R19;29;0;;;
29/03/2020;Passo Fundo-R17 R18 R19;30;0;;;
30/03/2020;Passo Fundo-R17 R18 R19;34;0;;;
31/03/2020;Passo Fundo-R17 R18 R19;35;0;;;
01/04/2020;Passo Fundo-R17 R18 R19;37;0;;;
02/04/2020;Passo Fundo-R17 R18 R19;37;0;;;
03/04/2020;Passo Fundo-R17 R18 R19;47;0;;;
04/04/2020;Passo Fundo-R17 R18 R19;49;0;;;
05/04/2020;Passo Fundo-R17 R18 R19;50;0;;;
06/04/2020;Passo Fundo-R17 R18 R19;54;0;;;
07/04/2020;Passo Fundo-R17 R18 R19;60;0;0;0;
08/04/2020;Passo Fundo-R17 R18 R19;66;1;0;0;
09/04/2020;Passo Fundo-R17 R18 R19;75;3;1;2;
10/04/2020;Passo Fundo-R17 R18 R19;93;3;4;3;
11/04/2020;Passo Fundo-R17 R18 R19;107;3;4;4;
12/04/2020;Passo Fundo-R17 R18 R19;121;3;4;4;
13/04/2020;Passo Fundo-R17 R18 R19;140;4;6;4;
14/04/2020;Passo Fundo-R17 R18 R19;150;4;8;3;
15/04/2020;Passo Fundo-R17 R18 R19;167;5;14;5;
16/04/2020;Passo Fundo-R17 R18 R19;180;5;7;7;
17/04/2020;Passo Fundo-R17 R18 R19;205;5;7;8;
18/04/2020;Passo Fundo-R17 R18 R19;220;6;7;10;
19/04/2020;Passo Fundo-R17 R18 R19;233;7;8;10;
20/04/2020;Passo Fundo-R17 R18 R19;270;7;9;7;
21/04/2020;Passo Fundo-R17 R18 R19;295;7;14;6;
22/04/2020;Passo Fundo-R17 R18 R19;320;9;12;7;
23/04/2020;Passo Fundo-R17 R18 R19;344;9;24;9;
24/04/2020;Passo Fundo-R17 R18 R19;374;9;20;9;
25/04/2020;Passo Fundo-R17 R18 R19;396;10;25;10;
26/04/2020;Passo Fundo-R17 R18 R19;410;12;36;12;
27/04/2020;Passo Fundo-R17 R18 R19;429;13;33;10;
28/04/2020;Passo Fundo-R17 R18 R19;446;14;35;8;
29/04/2020;Passo Fundo-R17 R18 R19;464;14;33;8;
30/04/2020;Passo Fundo-R17 R18 R19;480;15;35;13;
01/05/2020;Passo Fundo-R17 R18 R19;495;16;38;15;
02/05/2020;Passo Fundo-R17 R18 R19;506;18;38;14;
03/05/2020;Passo Fundo-R17 R18 R19;517;19;32;16;
04/05/2020;Passo Fundo-R17 R18 R19;536;21;35;14;
05/05/2020;Passo Fundo-R17 R18 R19;541;21;34;15;
06/05/2020;Passo Fundo-R17 R18 R19;553;21;39;17;
07/05/2020;Passo Fundo-R17 R18 R19;564;22;37;20;
08/05/2020;Passo Fundo-R17 R18 R19;576;23;35;24;
09/05/2020;Passo Fundo-R17 R18 R19;589;24;45;17;
10/05/2020;Passo Fundo-R17 R18 R19;602;24;44;20;
11/05/2020;Passo Fundo-R17 R18 R19;611;26;43;16;
12/05/2020;Passo Fundo-R17 R18 R19;623;27;38;16;
13/05/2020;Passo Fundo-R17 R18 R19;632;28;29;20;
14/05/2020;Passo Fundo-R17 R18 R19;648;29;31;15;
15/05/2020;Passo Fundo-R17 R18 R19;664;30;34;19;
16/05/2020;Passo Fundo-R17 R18 R19;673;30;27;19;
17/05/2020;Passo Fundo-R17 R18 R19;690;32;32;20;
18/05/2020;Passo Fundo-R17 R18 R19;709;33;31;20;
19/05/2020;Passo Fundo-R17 R18 R19;722;35;25;15;
20/05/2020;Passo Fundo-R17 R18 R19;737;35;27;16;
21/05/2020;Passo Fundo-R17 R18 R19;751;37;27;16;
22/05/2020;Passo Fundo-R17 R18 R19;767;39;26;17;
23/05/2020;Passo Fundo-R17 R18 R19;775;40;22;18;
24/05/2020;Passo Fundo-R17 R18 R19;784;41;15;20;
25/05/2020;Passo Fundo-R17 R18 R19;800;41;18;19;
26/05/2020;Passo Fundo-R17 R18 R19;815;41;20;19;
27/05/2020;Passo Fundo-R17 R18 R19;820;41;26;21;
28/05/2020;Passo Fundo-R17 R18 R19;834;42;22;21;
29/05/2020;Passo Fundo-R17 R18 R19;838;43;26;22;
30/05/2020;Passo Fundo-R17 R18 R19;853;44;27;21;
31/05/2020;Passo Fundo-R17 R18 R19;864;45;27;23;
01/06/2020;Passo Fundo-R17 R18 R19;873;45;25;25;
02/06/2020;Passo Fundo-R17 R18 R19;881;46;33;24;
03/06/2020;Passo Fundo-R17 R18 R19;890;47;25;21;
04/06/2020;Passo Fundo-R17 R18 R19;896;48;26;20;
05/06/2020;Passo Fundo-R17 R18 R19;904;48;26;21;
06/06/2020;Passo Fundo-R17 R18 R19;908;48;24;22;
07/06/2020;Passo Fundo-R17 R18 R19;908;48;22;20;
08/06/2020;Passo Fundo-R17 R18 R19;909;48;18;20;
09/06/2020;Passo Fundo-R17 R18 R19;910;48;25;20;
10/06/2020;Passo Fundo-R17 R18 R19;910;48;26;23;
11/06/2020;Passo Fundo-R17 R18 R19;910;49;21;29;
12/06/2020;Passo Fundo-R17 R18 R19;910;50;25;28;
29/02/2020;Pelotas-R21;0;0;;;
01/03/2020;Pelotas-R21;0;0;;;
02/03/2020;Pelotas-R21;0;0;;;
03/03/2020;Pelotas-R21;0;0;;;
04/03/2020;Pelotas-R21;0;0;;;
05/03/2020;Pelotas-R21;1;0;;;
06/03/2020;Pelotas-R21;1;0;;;
07/03/2020;Pelotas-R21;1;0;;;
08/03/2020;Pelotas-R21;1;0;;;
09/03/2020;Pelotas-R21;1;0;;;
10/03/2020;Pelotas-R21;1;0;;;
11/03/2020;Pelotas-R21;1;0;;;
12/03/2020;Pelotas-R21;1;0;;;
13/03/2020;Pelotas-R21;1;0;;;
14/03/2020;Pelotas-R21;3;0;;;
15/03/2020;Pelotas-R21;3;0;;;
16/03/2020;Pelotas-R21;4;0;;;
17/03/2020;Pelotas-R21;6;0;;;
18/03/2020;Pelotas-R21;6;0;;;
19/03/2020;Pelotas-R21;7;0;;;
20/03/2020;Pelotas-R21;8;0;;;
21/03/2020;Pelotas-R21;8;0;;;
22/03/2020;Pelotas-R21;8;0;;;
23/03/2020;Pelotas-R21;8;0;;;
24/03/2020;Pelotas-R21;9;0;;;
25/03/2020;Pelotas-R21;9;0;;;
26/03/2020;Pelotas-R21;13;0;;;
27/03/2020;Pelotas-R21;14;0;;;
28/03/2020;Pelotas-R21;14;0;;;
29/03/2020;Pelotas-R21;14;0;;;
30/03/2020;Pelotas-R21;15;0;;;
31/03/2020;Pelotas-R21;17;0;;;
01/04/2020;Pelotas-R21;18;0;;;
02/04/2020;Pelotas-R21;20;0;;;
03/04/2020;Pelotas-R21;20;0;;;
04/04/2020;Pelotas-R21;20;0;;;
05/04/2020;Pelotas-R21;20;0;;;
06/04/2020;Pelotas-R21;20;0;;;
07/04/2020;Pelotas-R21;22;0;;;
08/04/2020;Pelotas-R21;23;0;0;0;
09/04/2020;Pelotas-R21;23;0;0;0;
10/04/2020;Pelotas-R21;23;0;0;0;
11/04/2020;Pelotas-R21;23;0;0;1;
12/04/2020;Pelotas-R21;24;0;0;1;
13/04/2020;Pelotas-R21;26;0;0;2;
14/04/2020;Pelotas-R21;28;0;0;2;
15/04/2020;Pelotas-R21;28;0;1;2;
16/04/2020;Pelotas-R21;28;0;1;2;
17/04/2020;Pelotas-R21;29;0;1;1;
18/04/2020;Pelotas-R21;29;0;1;1;
19/04/2020;Pelotas-R21;29;0;1;1;
20/04/2020;Pelotas-R21;29;0;1;1;
21/04/2020;Pelotas-R21;30;0;1;1;
22/04/2020;Pelotas-R21;30;0;1;1;
23/04/2020;Pelotas-R21;30;0;0;1;
24/04/2020;Pelotas-R21;30;0;0;2;
25/04/2020;Pelotas-R21;31;0;0;2;
26/04/2020;Pelotas-R21;32;0;0;2;
27/04/2020;Pelotas-R21;35;0;1;2;
28/04/2020;Pelotas-R21;35;0;2;1;
29/04/2020;Pelotas-R21;35;0;1;1;
30/04/2020;Pelotas-R21;37;1;1;0;
01/05/2020;Pelotas-R21;39;1;1;0;
02/05/2020;Pelotas-R21;41;1;1;0;
03/05/2020;Pelotas-R21;42;1;0;0;
04/05/2020;Pelotas-R21;44;1;5;0;
05/05/2020;Pelotas-R21;45;1;0;0;
06/05/2020;Pelotas-R21;47;1;0;0;
07/05/2020;Pelotas-R21;50;1;0;0;
08/05/2020;Pelotas-R21;51;1;0;0;
09/05/2020;Pelotas-R21;53;1;0;0;
10/05/2020;Pelotas-R21;56;1;0;0;
11/05/2020;Pelotas-R21;58;1;0;1;
12/05/2020;Pelotas-R21;59;1;0;1;
13/05/2020;Pelotas-R21;61;1;0;1;
14/05/2020;Pelotas-R21;63;1;2;1;
15/05/2020;Pelotas-R21;65;1;2;1;
16/05/2020;Pelotas-R21;65;1;3;0;
17/05/2020;Pelotas-R21;68;1;3;0;
18/05/2020;Pelotas-R21;70;1;1;0;
19/05/2020;Pelotas-R21;70;1;2;0;
20/05/2020;Pelotas-R21;71;1;2;1;
21/05/2020;Pelotas-R21;71;1;3;1;
22/05/2020;Pelotas-R21;73;1;1;1;
23/05/2020;Pelotas-R21;74;1;1;1;
24/05/2020;Pelotas-R21;76;1;2;1;
25/05/2020;Pelotas-R21;76;1;1;1;
26/05/2020;Pelotas-R21;77;1;5;2;
27/05/2020;Pelotas-R21;77;1;5;2;
28/05/2020;Pelotas-R21;79;1;5;2;
29/05/2020;Pelotas-R21;80;1;6;2;
30/05/2020;Pelotas-R21;82;1;6;2;
31/05/2020;Pelotas-R21;83;1;4;2;
01/06/2020;Pelotas-R21;88;1;7;2;
02/06/2020;Pelotas-R21;91;1;6;2;
03/06/2020;Pelotas-R21;91;1;1;3;
04/06/2020;Pelotas-R21;93;1;2;3;
05/06/2020;Pelotas-R21;97;2;0;3;
06/06/2020;Pelotas-R21;98;2;1;2;
07/06/2020;Pelotas-R21;99;2;1;2;
08/06/2020;Pelotas-R21;99;2;2;2;
09/06/2020;Pelotas-R21;99;2;2;2;
10/06/2020;Pelotas-R21;99;2;4;2;
11/06/2020;Pelotas-R21;99;2;3;2;
12/06/2020;Pelotas-R21;99;2;2;2;
29/02/2020;Bagé-R22;0;0;;;
01/03/2020;Bagé-R22;0;0;;;
02/03/2020;Bagé-R22;0;0;;;
03/03/2020;Bagé-R22;0;0;;;
04/03/2020;Bagé-R22;0;0;;;
05/03/2020;Bagé-R22;0;0;;;
06/03/2020;Bagé-R22;0;0;;;
07/03/2020;Bagé-R22;0;0;;;
08/03/2020;Bagé-R22;0;0;;;
09/03/2020;Bagé-R22;0;0;;;
10/03/2020;Bagé-R22;1;0;;;
11/03/2020;Bagé-R22;2;0;;;
12/03/2020;Bagé-R22;2;0;;;
13/03/2020;Bagé-R22;2;0;;;
14/03/2020;Bagé-R22;3;0;;;
15/03/2020;Bagé-R22;4;0;;;
16/03/2020;Bagé-R22;7;0;;;
17/03/2020;Bagé-R22;8;0;;;
18/03/2020;Bagé-R22;12;0;;;
19/03/2020;Bagé-R22;14;0;;;
20/03/2020;Bagé-R22;17;0;;;
21/03/2020;Bagé-R22;19;0;;;
22/03/2020;Bagé-R22;21;0;;;
23/03/2020;Bagé-R22;23;0;;;
24/03/2020;Bagé-R22;23;0;;;
25/03/2020;Bagé-R22;23;0;;;
26/03/2020;Bagé-R22;27;0;;;
27/03/2020;Bagé-R22;27;0;;;
28/03/2020;Bagé-R22;28;0;;;
29/03/2020;Bagé-R22;28;0;;;
30/03/2020;Bagé-R22;28;0;;;
31/03/2020;Bagé-R22;28;0;;;
01/04/2020;Bagé-R22;28;0;;;
02/04/2020;Bagé-R22;28;0;;;
03/04/2020;Bagé-R22;29;0;;;
04/04/2020;Bagé-R22;30;0;;;
05/04/2020;Bagé-R22;31;0;;;
06/04/2020;Bagé-R22;31;0;;;
07/04/2020;Bagé-R22;31;0;;;
08/04/2020;Bagé-R22;31;0;;;
09/04/2020;Bagé-R22;31;0;0;1;
10/04/2020;Bagé-R22;31;0;0;1;
11/04/2020;Bagé-R22;31;0;0;1;
12/04/2020;Bagé-R22;31;0;0;1;
13/04/2020;Bagé-R22;31;0;0;1;
14/04/2020;Bagé-R22;31;0;0;1;
15/04/2020;Bagé-R22;31;0;0;1;
16/04/2020;Bagé-R22;31;0;0;1;
17/04/2020;Bagé-R22;31;0;0;1;
18/04/2020;Bagé-R22;31;0;0;1;
19/04/2020;Bagé-R22;31;0;0;1;
20/04/2020;Bagé-R22;31;0;0;1;
21/04/2020;Bagé-R22;31;0;0;1;
22/04/2020;Bagé-R22;31;0;1;0;
23/04/2020;Bagé-R22;31;0;1;0;
24/04/2020;Bagé-R22;32;0;1;0;
25/04/2020;Bagé-R22;32;0;1;0;
26/04/2020;Bagé-R22;32;1;0;0;
27/04/2020;Bagé-R22;32;1;1;0;
28/04/2020;Bagé-R22;32;1;1;0;
29/04/2020;Bagé-R22;32;1;1;0;
30/04/2020;Bagé-R22;32;1;0;0;
01/05/2020;Bagé-R22;32;1;0;0;
02/05/2020;Bagé-R22;32;1;0;0;
03/05/2020;Bagé-R22;32;1;0;0;
04/05/2020;Bagé-R22;32;1;0;0;
05/05/2020;Bagé-R22;32;1;0;0;
06/05/2020;Bagé-R22;33;1;0;0;
07/05/2020;Bagé-R22;35;1;0;0;
08/05/2020;Bagé-R22;37;1;0;0;
09/05/2020;Bagé-R22;38;1;0;0;
10/05/2020;Bagé-R22;40;1;0;0;
11/05/2020;Bagé-R22;41;1;0;0;
12/05/2020;Bagé-R22;42;1;0;0;
13/05/2020;Bagé-R22;43;1;0;0;
14/05/2020;Bagé-R22;44;1;0;0;
15/05/2020;Bagé-R22;46;1;1;0;
16/05/2020;Bagé-R22;47;1;0;0;
17/05/2020;Bagé-R22;47;1;0;0;
18/05/2020;Bagé-R22;48;1;0;0;
19/05/2020;Bagé-R22;48;1;0;0;
20/05/2020;Bagé-R22;48;1;0;0;
21/05/2020;Bagé-R22;49;1;0;0;
22/05/2020;Bagé-R22;49;1;0;0;
23/05/2020;Bagé-R22;49;1;0;0;
24/05/2020;Bagé-R22;49;1;2;0;
25/05/2020;Bagé-R22;54;1;2;0;
26/05/2020;Bagé-R22;54;1;2;0;
27/05/2020;Bagé-R22;54;1;2;0;
28/05/2020;Bagé-R22;56;1;0;0;
29/05/2020;Bagé-R22;57;1;0;0;
30/05/2020;Bagé-R22;59;1;0;0;
31/05/2020;Bagé-R22;64;1;0;0;
01/06/2020;Bagé-R22;65;1;0;0;
02/06/2020;Bagé-R22;65;1;0;0;
03/06/2020;Bagé-R22;65;1;0;1;
04/06/2020;Bagé-R22;65;1;0;1;
05/06/2020;Bagé-R22;65;1;0;1;
06/06/2020;Bagé-R22;65;1;0;2;
07/06/2020;Bagé-R22;65;1;1;0;
08/06/2020;Bagé-R22;65;1;1;0;
09/06/2020;Bagé-R22;65;1;0;0;
10/06/2020;Bagé-R22;65;1;0;0;
11/06/2020;Bagé-R22;65;1;0;1;
12/06/2020;Bagé-R22;65;1;0;1;
29/02/2020;Caxias Do Sul-R23 R24 R25 R26;1;0;;;
01/03/2020;Caxias Do Sul-R23 R24 R25 R26;1;0;;;
02/03/2020;Caxias Do Sul-R23 R24 R25 R26;1;0;;;
03/03/2020;Caxias Do Sul-R23 R24 R25 R26;1;0;;;
04/03/2020;Caxias Do Sul-R23 R24 R25 R26;1;0;;;
05/03/2020;Caxias Do Sul-R23 R24 R25 R26;1;0;;;
06/03/2020;Caxias Do Sul-R23 R24 R25 R26;1;0;;;
07/03/2020;Caxias Do Sul-R23 R24 R25 R26;2;0;;;
08/03/2020;Caxias Do Sul-R23 R24 R25 R26;2;0;;;
09/03/2020;Caxias Do Sul-R23 R24 R25 R26;3;0;;;
10/03/2020;Caxias Do Sul-R23 R24 R25 R26;3;0;;;
11/03/2020;Caxias Do Sul-R23 R24 R25 R26;5;0;;;
12/03/2020;Caxias Do Sul-R23 R24 R25 R26;6;0;;;
13/03/2020;Caxias Do Sul-R23 R24 R25 R26;8;0;;;
14/03/2020;Caxias Do Sul-R23 R24 R25 R26;10;0;;;
15/03/2020;Caxias Do Sul-R23 R24 R25 R26;15;0;;;
16/03/2020;Caxias Do Sul-R23 R24 R25 R26;17;0;;;
17/03/2020;Caxias Do Sul-R23 R24 R25 R26;23;0;;;
18/03/2020;Caxias Do Sul-R23 R24 R25 R26;24;0;;;
19/03/2020;Caxias Do Sul-R23 R24 R25 R26;27;0;;;
20/03/2020;Caxias Do Sul-R23 R24 R25 R26;30;0;;;
21/03/2020;Caxias Do Sul-R23 R24 R25 R26;32;0;;;
22/03/2020;Caxias Do Sul-R23 R24 R25 R26;35;0;;;
23/03/2020;Caxias Do Sul-R23 R24 R25 R26;42;0;;;
24/03/2020;Caxias Do Sul-R23 R24 R25 R26;44;0;;;
25/03/2020;Caxias Do Sul-R23 R24 R25 R26;50;0;;;
26/03/2020;Caxias Do Sul-R23 R24 R25 R26;54;0;;;
27/03/2020;Caxias Do Sul-R23 R24 R25 R26;55;0;;;
28/03/2020;Caxias Do Sul-R23 R24 R25 R26;57;0;;;
29/03/2020;Caxias Do Sul-R23 R24 R25 R26;61;0;;;
30/03/2020;Caxias Do Sul-R23 R24 R25 R26;64;0;;;
31/03/2020;Caxias Do Sul-R23 R24 R25 R26;66;0;;;
01/04/2020;Caxias Do Sul-R23 R24 R25 R26;68;0;;;
02/04/2020;Caxias Do Sul-R23 R24 R25 R26;69;0;;;
03/04/2020;Caxias Do Sul-R23 R24 R25 R26;72;0;;;
04/04/2020;Caxias Do Sul-R23 R24 R25 R26;75;0;;;
05/04/2020;Caxias Do Sul-R23 R24 R25 R26;76;0;;;
06/04/2020;Caxias Do Sul-R23 R24 R25 R26;77;0;;;
07/04/2020;Caxias Do Sul-R23 R24 R25 R26;79;0;0;0;
08/04/2020;Caxias Do Sul-R23 R24 R25 R26;80;0;0;0;
09/04/2020;Caxias Do Sul-R23 R24 R25 R26;81;0;1;0;
10/04/2020;Caxias Do Sul-R23 R24 R25 R26;87;0;1;0;
11/04/2020;Caxias Do Sul-R23 R24 R25 R26;90;1;1;0;
12/04/2020;Caxias Do Sul-R23 R24 R25 R26;93;1;1;0;
13/04/2020;Caxias Do Sul-R23 R24 R25 R26;98;1;1;3;
14/04/2020;Caxias Do Sul-R23 R24 R25 R26;103;1;1;4;
15/04/2020;Caxias Do Sul-R23 R24 R25 R26;109;1;2;3;
16/04/2020;Caxias Do Sul-R23 R24 R25 R26;115;1;5;6;
17/04/2020;Caxias Do Sul-R23 R24 R25 R26;122;1;3;6;
18/04/2020;Caxias Do Sul-R23 R24 R25 R26;130;1;4;5;
19/04/2020;Caxias Do Sul-R23 R24 R25 R26;145;1;4;5;
20/04/2020;Caxias Do Sul-R23 R24 R25 R26;163;1;3;4;
21/04/2020;Caxias Do Sul-R23 R24 R25 R26;172;1;8;6;
22/04/2020;Caxias Do Sul-R23 R24 R25 R26;187;1;7;5;
23/04/2020;Caxias Do Sul-R23 R24 R25 R26;202;1;10;7;
24/04/2020;Caxias Do Sul-R23 R24 R25 R26;221;2;7;7;
25/04/2020;Caxias Do Sul-R23 R24 R25 R26;240;2;7;7;
26/04/2020;Caxias Do Sul-R23 R24 R25 R26;260;3;7;6;
27/04/2020;Caxias Do Sul-R23 R24 R25 R26;274;3;11;8;
28/04/2020;Caxias Do Sul-R23 R24 R25 R26;290;5;13;9;
29/04/2020;Caxias Do Sul-R23 R24 R25 R26;310;5;14;11;
30/04/2020;Caxias Do Sul-R23 R24 R25 R26;321;5;25;14;
01/05/2020;Caxias Do Sul-R23 R24 R25 R26;355;5;19;16;
02/05/2020;Caxias Do Sul-R23 R24 R25 R26;374;6;23;17;
03/05/2020;Caxias Do Sul-R23 R24 R25 R26;395;7;23;19;
04/05/2020;Caxias Do Sul-R23 R24 R25 R26;418;9;25;16;
05/05/2020;Caxias Do Sul-R23 R24 R25 R26;432;13;30;17;
06/05/2020;Caxias Do Sul-R23 R24 R25 R26;461;15;28;16;
07/05/2020;Caxias Do Sul-R23 R24 R25 R26;480;15;36;19;
08/05/2020;Caxias Do Sul-R23 R24 R25 R26;495;16;29;22;
09/05/2020;Caxias Do Sul-R23 R24 R25 R26;512;18;39;20;
10/05/2020;Caxias Do Sul-R23 R24 R25 R26;528;19;36;22;
11/05/2020;Caxias Do Sul-R23 R24 R25 R26;555;19;37;22;
12/05/2020;Caxias Do Sul-R23 R24 R25 R26;570;20;37;24;
13/05/2020;Caxias Do Sul-R23 R24 R25 R26;599;20;32;24;
14/05/2020;Caxias Do Sul-R23 R24 R25 R26;618;20;31;23;
15/05/2020;Caxias Do Sul-R23 R24 R25 R26;649;20;30;21;
16/05/2020;Caxias Do Sul-R23 R24 R25 R26;668;20;32;19;
17/05/2020;Caxias Do Sul-R23 R24 R25 R26;683;21;36;18;
18/05/2020;Caxias Do Sul-R23 R24 R25 R26;716;21;33;19;
19/05/2020;Caxias Do Sul-R23 R24 R25 R26;733;22;34;17;
20/05/2020;Caxias Do Sul-R23 R24 R25 R26;760;24;39;19;
21/05/2020;Caxias Do Sul-R23 R24 R25 R26;781;25;50;16;
22/05/2020;Caxias Do Sul-R23 R24 R25 R26;797;25;48;18;
23/05/2020;Caxias Do Sul-R23 R24 R25 R26;811;26;49;17;
24/05/2020;Caxias Do Sul-R23 R24 R25 R26;833;28;35;21;
25/05/2020;Caxias Do Sul-R23 R24 R25 R26;867;28;33;19;
26/05/2020;Caxias Do Sul-R23 R24 R25 R26;893;29;34;21;
27/05/2020;Caxias Do Sul-R23 R24 R25 R26;910;30;30;18;
28/05/2020;Caxias Do Sul-R23 R24 R25 R26;928;30;37;20;
29/05/2020;Caxias Do Sul-R23 R24 R25 R26;939;30;34;24;
30/05/2020;Caxias Do Sul-R23 R24 R25 R26;952;33;29;29;
31/05/2020;Caxias Do Sul-R23 R24 R25 R26;989;35;29;27;
01/06/2020;Caxias Do Sul-R23 R24 R25 R26;1004;35;27;28;
02/06/2020;Caxias Do Sul-R23 R24 R25 R26;1017;38;28;31;
03/06/2020;Caxias Do Sul-R23 R24 R25 R26;1029;40;23;31;
04/06/2020;Caxias Do Sul-R23 R24 R25 R26;1045;41;32;30;
05/06/2020;Caxias Do Sul-R23 R24 R25 R26;1060;41;24;31;
06/06/2020;Caxias Do Sul-R23 R24 R25 R26;1069;43;27;34;
07/06/2020;Caxias Do Sul-R23 R24 R25 R26;1071;45;28;37;
08/06/2020;Caxias Do Sul-R23 R24 R25 R26;1076;48;27;34;
09/06/2020;Caxias Do Sul-R23 R24 R25 R26;1079;48;36;41;
10/06/2020;Caxias Do Sul-R23 R24 R25 R26;1079;50;39;40;
11/06/2020;Caxias Do Sul-R23 R24 R25 R26;1079;50;35;45;
12/06/2020;Caxias Do Sul-R23 R24 R25 R26;1079;50;26;44;
29/02/2020;Cachoeira Do Sul-R27;0;0;;;
01/03/2020;Cachoeira Do Sul-R27;0;0;;;
02/03/2020;Cachoeira Do Sul-R27;0;0;;;
03/03/2020;Cachoeira Do Sul-R27;0;0;;;
04/03/2020;Cachoeira Do Sul-R27;0;0;;;
05/03/2020;Cachoeira Do Sul-R27;0;0;;;
06/03/2020;Cachoeira Do Sul-R27;0;0;;;
07/03/2020;Cachoeira Do Sul-R27;0;0;;;
08/03/2020;Cachoeira Do Sul-R27;0;0;;;
09/03/2020;Cachoeira Do Sul-R27;0;0;;;
10/03/2020;Cachoeira Do Sul-R27;0;0;;;
11/03/2020;Cachoeira Do Sul-R27;0;0;;;
12/03/2020;Cachoeira Do Sul-R27;1;0;;;
13/03/2020;Cachoeira Do Sul-R27;1;0;;;
14/03/2020;Cachoeira Do Sul-R27;1;0;;;
15/03/2020;Cachoeira Do Sul-R27;1;0;;;
16/03/2020;Cachoeira Do Sul-R27;1;0;;;
17/03/2020;Cachoeira Do Sul-R27;1;0;;;
18/03/2020;Cachoeira Do Sul-R27;1;0;;;
19/03/2020;Cachoeira Do Sul-R27;1;0;;;
20/03/2020;Cachoeira Do Sul-R27;2;0;;;
21/03/2020;Cachoeira Do Sul-R27;2;0;;;
22/03/2020;Cachoeira Do Sul-R27;2;0;;;
23/03/2020;Cachoeira Do Sul-R27;2;0;;;
24/03/2020;Cachoeira Do Sul-R27;2;0;;;
25/03/2020;Cachoeira Do Sul-R27;2;0;;;
26/03/2020;Cachoeira Do Sul-R27;2;0;;;
27/03/2020;Cachoeira Do Sul-R27;2;0;;;
28/03/2020;Cachoeira Do Sul-R27;2;0;;;
29/03/2020;Cachoeira Do Sul-R27;2;0;;;
30/03/2020;Cachoeira Do Sul-R27;2;0;;;
31/03/2020;Cachoeira Do Sul-R27;2;0;;;
01/04/2020;Cachoeira Do Sul-R27;2;0;;;
02/04/2020;Cachoeira Do Sul-R27;4;0;;;
03/04/2020;Cachoeira Do Sul-R27;4;0;;;
04/04/2020;Cachoeira Do Sul-R27;4;0;;;
05/04/2020;Cachoeira Do Sul-R27;5;0;;;
06/04/2020;Cachoeira Do Sul-R27;5;0;;;
07/04/2020;Cachoeira Do Sul-R27;5;0;0;0;
08/04/2020;Cachoeira Do Sul-R27;5;0;0;0;
09/04/2020;Cachoeira Do Sul-R27;5;0;0;0;
10/04/2020;Cachoeira Do Sul-R27;5;1;0;0;
11/04/2020;Cachoeira Do Sul-R27;5;1;0;0;
12/04/2020;Cachoeira Do Sul-R27;5;1;0;0;
13/04/2020;Cachoeira Do Sul-R27;5;1;1;0;
14/04/2020;Cachoeira Do Sul-R27;5;1;1;0;
15/04/2020;Cachoeira Do Sul-R27;5;1;0;0;
16/04/2020;Cachoeira Do Sul-R27;5;1;2;0;
17/04/2020;Cachoeira Do Sul-R27;5;1;2;0;
18/04/2020;Cachoeira Do Sul-R27;5;1;1;1;
19/04/2020;Cachoeira Do Sul-R27;5;1;1;0;
20/04/2020;Cachoeira Do Sul-R27;5;1;1;0;
21/04/2020;Cachoeira Do Sul-R27;5;1;1;0;
22/04/2020;Cachoeira Do Sul-R27;6;1;1;0;
23/04/2020;Cachoeira Do Sul-R27;6;1;1;0;
24/04/2020;Cachoeira Do Sul-R27;6;1;0;0;
25/04/2020;Cachoeira Do Sul-R27;6;1;0;0;
26/04/2020;Cachoeira Do Sul-R27;7;1;0;0;
27/04/2020;Cachoeira Do Sul-R27;7;1;0;0;
28/04/2020;Cachoeira Do Sul-R27;7;1;0;0;
29/04/2020;Cachoeira Do Sul-R27;7;1;0;0;
30/04/2020;Cachoeira Do Sul-R27;7;1;0;0;
01/05/2020;Cachoeira Do Sul-R27;7;1;0;0;
02/05/2020;Cachoeira Do Sul-R27;10;1;0;0;
03/05/2020;Cachoeira Do Sul-R27;10;1;0;0;
04/05/2020;Cachoeira Do Sul-R27;10;1;0;0;
05/05/2020;Cachoeira Do Sul-R27;10;1;0;0;
06/05/2020;Cachoeira Do Sul-R27;10;1;0;1;
07/05/2020;Cachoeira Do Sul-R27;10;1;0;1;
08/05/2020;Cachoeira Do Sul-R27;11;1;0;1;
09/05/2020;Cachoeira Do Sul-R27;11;1;0;1;
10/05/2020;Cachoeira Do Sul-R27;13;1;0;1;
11/05/2020;Cachoeira Do Sul-R27;13;1;0;1;
12/05/2020;Cachoeira Do Sul-R27;15;1;0;1;
13/05/2020;Cachoeira Do Sul-R27;17;1;0;1;
14/05/2020;Cachoeira Do Sul-R27;18;1;0;1;
15/05/2020;Cachoeira Do Sul-R27;18;1;1;1;
16/05/2020;Cachoeira Do Sul-R27;18;1;1;1;
17/05/2020;Cachoeira Do Sul-R27;18;1;1;1;
18/05/2020;Cachoeira Do Sul-R27;21;1;1;1;
19/05/2020;Cachoeira Do Sul-R27;21;1;1;1;
20/05/2020;Cachoeira Do Sul-R27;22;1;1;1;
21/05/2020;Cachoeira Do Sul-R27;23;1;1;1;
22/05/2020;Cachoeira Do Sul-R27;25;1;0;1;
23/05/2020;Cachoeira Do Sul-R27;26;1;1;1;
24/05/2020;Cachoeira Do Sul-R27;26;2;1;1;
25/05/2020;Cachoeira Do Sul-R27;26;2;0;1;
26/05/2020;Cachoeira Do Sul-R27;27;2;1;1;
27/05/2020;Cachoeira Do Sul-R27;29;2;1;1;
28/05/2020;Cachoeira Do Sul-R27;32;2;2;1;
29/05/2020;Cachoeira Do Sul-R27;35;2;2;1;
30/05/2020;Cachoeira Do Sul-R27;39;2;2;1;
31/05/2020;Cachoeira Do Sul-R27;40;2;2;1;
01/06/2020;Cachoeira Do Sul-R27;44;2;2;1;
02/06/2020;Cachoeira Do Sul-R27;44;2;1;1;
03/06/2020;Cachoeira Do Sul-R27;49;2;1;1;
04/06/2020;Cachoeira Do Sul-R27;54;2;1;1;
05/06/2020;Cachoeira Do Sul-R27;57;2;1;1;
06/06/2020;Cachoeira Do Sul-R27;59;2;0;1;
07/06/2020;Cachoeira Do Sul-R27;60;2;3;1;
08/06/2020;Cachoeira Do Sul-R27;60;2;3;1;
09/06/2020;Cachoeira Do Sul-R27;60;2;7;1;
10/06/2020;Cachoeira Do Sul-R27;60;2;4;1;
11/06/2020;Cachoeira Do Sul-R27;60;2;4;1;
12/06/2020;Cachoeira Do Sul-R27;60;2;4;1;
29/02/2020;Santa Cruz Do Sul-R28;0;0;;;
01/03/2020;Santa Cruz Do Sul-R28;0;0;;;
02/03/2020;Santa Cruz Do Sul-R28;0;0;;;
03/03/2020;Santa Cruz Do Sul-R28;0;0;;;
04/03/2020;Santa Cruz Do Sul-R28;0;0;;;
05/03/2020;Santa Cruz Do Sul-R28;0;0;;;
06/03/2020;Santa Cruz Do Sul-R28;0;0;;;
07/03/2020;Santa Cruz Do Sul-R28;0;0;;;
08/03/2020;Santa Cruz Do Sul-R28;0;0;;;
09/03/2020;Santa Cruz Do Sul-R28;0;0;;;
10/03/2020;Santa Cruz Do Sul-R28;0;0;;;
11/03/2020;Santa Cruz Do Sul-R28;0;0;;;
12/03/2020;Santa Cruz Do Sul-R28;0;0;;;
13/03/2020;Santa Cruz Do Sul-R28;0;0;;;
14/03/2020;Santa Cruz Do Sul-R28;0;0;;;
15/03/2020;Santa Cruz Do Sul-R28;0;0;;;
16/03/2020;Santa Cruz Do Sul-R28;0;0;;;
17/03/2020;Santa Cruz Do Sul-R28;0;0;;;
18/03/2020;Santa Cruz Do Sul-R28;0;0;;;
19/03/2020;Santa Cruz Do Sul-R28;1;0;;;
20/03/2020;Santa Cruz Do Sul-R28;1;0;;;
21/03/2020;Santa Cruz Do Sul-R28;1;0;;;
22/03/2020;Santa Cruz Do Sul-R28;2;0;;;
23/03/2020;Santa Cruz Do Sul-R28;2;0;;;
24/03/2020;Santa Cruz Do Sul-R28;2;0;;;
25/03/2020;Santa Cruz Do Sul-R28;3;0;;;
26/03/2020;Santa Cruz Do Sul-R28;3;0;;;
27/03/2020;Santa Cruz Do Sul-R28;3;0;;;
28/03/2020;Santa Cruz Do Sul-R28;3;0;;;
29/03/2020;Santa Cruz Do Sul-R28;3;0;;;
30/03/2020;Santa Cruz Do Sul-R28;3;0;;;
31/03/2020;Santa Cruz Do Sul-R28;3;0;;;
01/04/2020;Santa Cruz Do Sul-R28;3;0;;;
02/04/2020;Santa Cruz Do Sul-R28;4;0;;;
03/04/2020;Santa Cruz Do Sul-R28;5;0;;;
04/04/2020;Santa Cruz Do Sul-R28;5;0;;;
05/04/2020;Santa Cruz Do Sul-R28;5;0;;;
06/04/2020;Santa Cruz Do Sul-R28;5;0;;;
07/04/2020;Santa Cruz Do Sul-R28;5;0;;;
08/04/2020;Santa Cruz Do Sul-R28;5;0;;;
09/04/2020;Santa Cruz Do Sul-R28;5;0;0;0;
10/04/2020;Santa Cruz Do Sul-R28;9;0;0;0;
11/04/2020;Santa Cruz Do Sul-R28;9;0;0;0;
12/04/2020;Santa Cruz Do Sul-R28;9;0;0;0;
13/04/2020;Santa Cruz Do Sul-R28;9;0;0;0;
14/04/2020;Santa Cruz Do Sul-R28;11;0;0;1;
15/04/2020;Santa Cruz Do Sul-R28;11;0;1;2;
16/04/2020;Santa Cruz Do Sul-R28;13;0;1;1;
17/04/2020;Santa Cruz Do Sul-R28;13;0;1;1;
18/04/2020;Santa Cruz Do Sul-R28;14;0;1;1;
19/04/2020;Santa Cruz Do Sul-R28;14;0;1;2;
20/04/2020;Santa Cruz Do Sul-R28;22;0;0;2;
21/04/2020;Santa Cruz Do Sul-R28;22;0;0;2;
22/04/2020;Santa Cruz Do Sul-R28;24;0;0;2;
23/04/2020;Santa Cruz Do Sul-R28;28;1;1;2;
24/04/2020;Santa Cruz Do Sul-R28;31;1;1;2;
25/04/2020;Santa Cruz Do Sul-R28;33;1;1;3;
26/04/2020;Santa Cruz Do Sul-R28;33;2;2;2;
27/04/2020;Santa Cruz Do Sul-R28;35;2;2;4;
28/04/2020;Santa Cruz Do Sul-R28;37;2;2;5;
29/04/2020;Santa Cruz Do Sul-R28;38;3;3;5;
30/04/2020;Santa Cruz Do Sul-R28;39;3;4;5;
01/05/2020;Santa Cruz Do Sul-R28;44;3;6;5;
02/05/2020;Santa Cruz Do Sul-R28;46;3;6;5;
03/05/2020;Santa Cruz Do Sul-R28;49;3;6;5;
04/05/2020;Santa Cruz Do Sul-R28;49;3;10;4;
05/05/2020;Santa Cruz Do Sul-R28;52;3;4;3;
06/05/2020;Santa Cruz Do Sul-R28;53;3;10;3;
07/05/2020;Santa Cruz Do Sul-R28;57;3;4;4;
08/05/2020;Santa Cruz Do Sul-R28;57;4;2;5;
09/05/2020;Santa Cruz Do Sul-R28;61;4;6;4;
10/05/2020;Santa Cruz Do Sul-R28;64;4;4;6;
11/05/2020;Santa Cruz Do Sul-R28;65;4;4;6;
12/05/2020;Santa Cruz Do Sul-R28;67;4;4;6;
13/05/2020;Santa Cruz Do Sul-R28;68;4;4;6;
14/05/2020;Santa Cruz Do Sul-R28;69;4;3;5;
15/05/2020;Santa Cruz Do Sul-R28;70;5;4;6;
16/05/2020;Santa Cruz Do Sul-R28;72;5;4;6;
17/05/2020;Santa Cruz Do Sul-R28;72;6;3;7;
18/05/2020;Santa Cruz Do Sul-R28;73;6;4;5;
19/05/2020;Santa Cruz Do Sul-R28;73;6;3;5;
20/05/2020;Santa Cruz Do Sul-R28;73;6;1;5;
21/05/2020;Santa Cruz Do Sul-R28;76;6;1;6;
22/05/2020;Santa Cruz Do Sul-R28;78;6;1;4;
23/05/2020;Santa Cruz Do Sul-R28;79;6;2;3;
24/05/2020;Santa Cruz Do Sul-R28;80;6;2;3;
25/05/2020;Santa Cruz Do Sul-R28;81;7;2;3;
26/05/2020;Santa Cruz Do Sul-R28;83;7;2;2;
27/05/2020;Santa Cruz Do Sul-R28;83;7;2;2;
28/05/2020;Santa Cruz Do Sul-R28;85;7;3;2;
29/05/2020;Santa Cruz Do Sul-R28;85;7;4;2;
30/05/2020;Santa Cruz Do Sul-R28;85;7;4;3;
31/05/2020;Santa Cruz Do Sul-R28;85;7;4;3;
01/06/2020;Santa Cruz Do Sul-R28;86;7;5;3;
02/06/2020;Santa Cruz Do Sul-R28;86;7;2;3;
03/06/2020;Santa Cruz Do Sul-R28;86;7;1;4;
04/06/2020;Santa Cruz Do Sul-R28;86;7;1;4;
05/06/2020;Santa Cruz Do Sul-R28;86;7;0;4;
06/06/2020;Santa Cruz Do Sul-R28;86;7;0;5;
07/06/2020;Santa Cruz Do Sul-R28;86;7;0;5;
08/06/2020;Santa Cruz Do Sul-R28;86;7;1;4;
09/06/2020;Santa Cruz Do Sul-R28;86;7;0;5;
10/06/2020;Santa Cruz Do Sul-R28;87;7;1;4;
11/06/2020;Santa Cruz Do Sul-R28;87;7;1;6;
12/06/2020;Santa Cruz Do Sul-R28;87;7;1;5;
29/02/2020;Lajeado-R29 R30;0;0;;;
01/03/2020;Lajeado-R29 R30;0;0;;;
02/03/2020;Lajeado-R29 R30;0;0;;;
03/03/2020;Lajeado-R29 R30;0;0;;;
04/03/2020;Lajeado-R29 R30;0;0;;;
05/03/2020;Lajeado-R29 R30;0;0;;;
06/03/2020;Lajeado-R29 R30;0;0;;;
07/03/2020;Lajeado-R29 R30;0;0;;;
08/03/2020;Lajeado-R29 R30;0;0;;;
09/03/2020;Lajeado-R29 R30;0;0;;;
10/03/2020;Lajeado-R29 R30;0;0;;;
11/03/2020;Lajeado-R29 R30;1;0;;;
12/03/2020;Lajeado-R29 R30;1;0;;;
13/03/2020;Lajeado-R29 R30;2;0;;;
14/03/2020;Lajeado-R29 R30;4;0;;;
15/03/2020;Lajeado-R29 R30;6;0;;;
16/03/2020;Lajeado-R29 R30;8;0;;;
17/03/2020;Lajeado-R29 R30;9;0;;;
18/03/2020;Lajeado-R29 R30;10;0;;;
19/03/2020;Lajeado-R29 R30;11;0;;;
20/03/2020;Lajeado-R29 R30;11;0;;;
21/03/2020;Lajeado-R29 R30;12;0;;;
22/03/2020;Lajeado-R29 R30;12;0;;;
23/03/2020;Lajeado-R29 R30;12;0;;;
24/03/2020;Lajeado-R29 R30;12;0;;;
25/03/2020;Lajeado-R29 R30;13;0;;;
26/03/2020;Lajeado-R29 R30;15;0;;;
27/03/2020;Lajeado-R29 R30;18;0;;;
28/03/2020;Lajeado-R29 R30;19;0;;;
29/03/2020;Lajeado-R29 R30;21;0;;;
30/03/2020;Lajeado-R29 R30;22;0;;;
31/03/2020;Lajeado-R29 R30;24;0;;;
01/04/2020;Lajeado-R29 R30;30;0;;;
02/04/2020;Lajeado-R29 R30;30;0;;;
03/04/2020;Lajeado-R29 R30;33;0;;;
04/04/2020;Lajeado-R29 R30;33;0;;;
05/04/2020;Lajeado-R29 R30;35;0;;;
06/04/2020;Lajeado-R29 R30;37;0;;;
07/04/2020;Lajeado-R29 R30;42;0;0;0;
08/04/2020;Lajeado-R29 R30;44;0;0;1;
09/04/2020;Lajeado-R29 R30;47;0;0;1;
10/04/2020;Lajeado-R29 R30;53;0;0;1;
11/04/2020;Lajeado-R29 R30;65;0;5;4;
12/04/2020;Lajeado-R29 R30;68;0;5;4;
13/04/2020;Lajeado-R29 R30;71;0;3;2;
14/04/2020;Lajeado-R29 R30;79;0;1;3;
15/04/2020;Lajeado-R29 R30;84;0;1;3;
16/04/2020;Lajeado-R29 R30;96;0;6;2;
17/04/2020;Lajeado-R29 R30;107;0;5;3;
18/04/2020;Lajeado-R29 R30;113;0;5;4;
19/04/2020;Lajeado-R29 R30;122;0;3;5;
20/04/2020;Lajeado-R29 R30;150;0;8;6;
21/04/2020;Lajeado-R29 R30;162;0;8;7;
22/04/2020;Lajeado-R29 R30;179;1;11;6;
23/04/2020;Lajeado-R29 R30;194;2;17;9;
24/04/2020;Lajeado-R29 R30;215;2;18;9;
25/04/2020;Lajeado-R29 R30;234;2;17;11;
26/04/2020;Lajeado-R29 R30;255;3;19;9;
27/04/2020;Lajeado-R29 R30;272;4;26;10;
28/04/2020;Lajeado-R29 R30;290;4;18;9;
29/04/2020;Lajeado-R29 R30;313;5;22;11;
30/04/2020;Lajeado-R29 R30;336;6;28;12;
01/05/2020;Lajeado-R29 R30;364;6;38;12;
02/05/2020;Lajeado-R29 R30;375;7;59;13;
03/05/2020;Lajeado-R29 R30;388;7;35;11;
04/05/2020;Lajeado-R29 R30;409;7;32;11;
05/05/2020;Lajeado-R29 R30;428;11;31;11;
06/05/2020;Lajeado-R29 R30;445;11;36;11;
07/05/2020;Lajeado-R29 R30;488;11;37;10;
08/05/2020;Lajeado-R29 R30;497;11;29;10;
09/05/2020;Lajeado-R29 R30;506;12;32;9;
10/05/2020;Lajeado-R29 R30;515;12;31;11;
11/05/2020;Lajeado-R29 R30;527;13;25;11;
12/05/2020;Lajeado-R29 R30;547;13;23;12;
13/05/2020;Lajeado-R29 R30;560;14;24;12;
14/05/2020;Lajeado-R29 R30;577;15;28;12;
15/05/2020;Lajeado-R29 R30;603;17;20;11;
16/05/2020;Lajeado-R29 R30;612;18;17;11;
17/05/2020;Lajeado-R29 R30;616;19;18;13;
18/05/2020;Lajeado-R29 R30;629;19;19;13;
19/05/2020;Lajeado-R29 R30;655;19;16;12;
20/05/2020;Lajeado-R29 R30;666;20;19;9;
21/05/2020;Lajeado-R29 R30;668;21;25;10;
22/05/2020;Lajeado-R29 R30;675;21;24;10;
23/05/2020;Lajeado-R29 R30;680;21;26;9;
24/05/2020;Lajeado-R29 R30;684;21;28;9;
25/05/2020;Lajeado-R29 R30;691;21;27;10;
26/05/2020;Lajeado-R29 R30;694;22;29;9;
27/05/2020;Lajeado-R29 R30;697;22;32;10;
28/05/2020;Lajeado-R29 R30;702;22;27;10;
29/05/2020;Lajeado-R29 R30;708;22;28;9;
30/05/2020;Lajeado-R29 R30;710;23;22;12;
31/05/2020;Lajeado-R29 R30;712;25;22;12;
01/06/2020;Lajeado-R29 R30;722;25;21;9;
02/06/2020;Lajeado-R29 R30;726;25;21;9;
03/06/2020;Lajeado-R29 R30;731;26;20;10;
04/06/2020;Lajeado-R29 R30;733;26;5;11;
05/06/2020;Lajeado-R29 R30;734;27;4;11;
06/06/2020;Lajeado-R29 R30;735;28;6;9;
07/06/2020;Lajeado-R29 R30;735;28;5;10;
08/06/2020;Lajeado-R29 R30;735;28;7;11;
09/06/2020;Lajeado-R29 R30;735;28;8;12;
10/06/2020;Lajeado-R29 R30;735;29;5;13;
11/06/2020;Lajeado-R29 R30;735;29;4;13;
12/06/2020;Lajeado-R29 R30;735;31;6;12;
